t,sse,n,k_input
0,ssn,0.7066666666666667,0.1
0,ss_link,0,0.1
0,nn,0.29333333333333333,0.1
2,ssn,0,0.1
2,ss_link,1,0.1
2,nn,0,0.1
3,ssn,0.13861386138613863,0.1
3,ss_link,1.2376237623762376,0.1
3,nn,0.04950495049504951,0.1
4,ssn,0.3399014778325123,0.1
4,ss_link,2.2019704433497536,0.1
4,nn,0.12807881773399016,0.1
5,ssn,0.46382978723404256,0.1
5,ss_link,3.6,0.1
5,nn,0.16170212765957448,0.1
6,ssn,0.5654008438818565,0.1
6,ss_link,3.649789029535865,0.1
6,nn,0.12236286919831224,0.1
7,ssn,0.4553191489361702,0.1
7,ss_link,3.2595744680851064,0.1
7,nn,0.20425531914893616,0.1
8,ssn,0.3832599118942731,0.1
8,ss_link,2.9118942731277535,0.1
8,nn,0.3039647577092511,0.1
9,ssn,0.47577092511013214,0.1
9,ss_link,3.502202643171806,0.1
9,nn,0.4669603524229075,0.1
10,ssn,0.5848214285714286,0.1
10,ss_link,4.4375,0.1
10,nn,0.7098214285714286,0.1
11,ssn,0.688,0.1
11,ss_link,5.124,0.1
11,nn,0.94,0.1
12,ssn,0.7481481481481481,0.1
12,ss_link,5.366666666666666,0.1
12,nn,0.9925925925925926,0.1
13,ssn,0.7692307692307693,0.1
13,ss_link,5.9,0.1
13,nn,1.0807692307692307,0.1
14,ssn,0.8924731182795699,0.1
14,ss_link,5.806451612903226,0.1
14,nn,1.1648745519713262,0.1
15,ssn,0.9927272727272727,0.1
15,ss_link,7,0.1
15,nn,1.3636363636363635,0.1
16,ssn,1.1340579710144927,0.1
16,ss_link,7.884057971014493,0.1
16,nn,1.605072463768116,0.1
17,ssn,1.1594202898550725,0.1
17,ss_link,9.119565217391305,0.1
17,nn,1.934782608695652,0.1
18,ssn,1.3846153846153846,0.1
18,ss_link,9.77972027972028,0.1
18,nn,2.013986013986014,0.1
19,ssn,1.6148409893992932,0.1
19,ss_link,11.151943462897526,0.1
19,nn,2.2261484098939928,0.1
20,ssn,1.6137931034482758,0.1
20,ss_link,12.286206896551723,0.1
20,nn,2.5827586206896553,0.1
21,ssn,1.8350515463917525,0.1
21,ss_link,13.962199312714777,0.1
21,nn,3.0309278350515463,0.1
22,ssn,2.1752577319587627,0.1
22,ss_link,15.195876288659793,0.1
22,nn,3.2783505154639174,0.1
23,ssn,2.4677966101694917,0.1
23,ss_link,17.752542372881354,0.1
23,nn,3.5898305084745763,0.1
24,ssn,2.64527027027027,0.1
24,ss_link,19.510135135135137,0.1
24,nn,4.074324324324325,0.1
25,ssn,2.91864406779661,0.1
25,ss_link,22.34915254237288,0.1
25,nn,4.68135593220339,0.1
26,ssn,3.375,0.1
26,ss_link,24.513513513513512,0.1
26,nn,5.047297297297297,0.1
27,ssn,3.781144781144781,0.1
27,ss_link,27.986531986531986,0.1
27,nn,5.956228956228956,0.1
28,ssn,4.233333333333333,0.1
28,ss_link,31.35333333333333,0.1
28,nn,6.726666666666667,0.1
29,ssn,4.676666666666667,0.1
29,ss_link,34.87,0.1
29,nn,7.4366666666666665,0.1
30,ssn,5.306666666666667,0.1
30,ss_link,39.626666666666665,0.1
30,nn,8.696666666666667,0.1
31,ssn,5.98,0.1
31,ss_link,45.02333333333333,0.1
31,nn,9.483333333333333,0.1
32,ssn,6.56,0.1
32,ss_link,50.82333333333333,0.1
32,nn,10.573333333333334,0.1
33,ssn,7.493333333333333,0.1
33,ss_link,56.01,0.1
33,nn,11.74,0.1
34,ssn,8.72,0.1
34,ss_link,63.57333333333333,0.1
34,nn,13.556666666666667,0.1
35,ssn,9.406666666666666,0.1
35,ss_link,71.45333333333333,0.1
35,nn,15.186666666666667,0.1
36,ssn,10.886666666666667,0.1
36,ss_link,78.82333333333334,0.1
36,nn,16.623333333333335,0.1
37,ssn,11.713333333333333,0.1
37,ss_link,89.28333333333333,0.1
37,nn,19.49,0.1
38,ssn,13.146666666666667,0.1
38,ss_link,100.28,0.1
38,nn,21.91,0.1
39,ssn,15.073333333333334,0.1
39,ss_link,110.54666666666667,0.1
39,nn,24.34,0.1
40,ssn,16.93,0.1
40,ss_link,126.35666666666667,0.1
40,nn,27.123333333333335,0.1
41,ssn,18.64666666666667,0.1
41,ss_link,141.61,0.1
41,nn,30.886666666666667,0.1
42,ssn,21.213333333333335,0.1
42,ss_link,156.41666666666666,0.1
42,nn,34.833333333333336,0.1
43,ssn,23.496666666666666,0.1
43,ss_link,177.01,0.1
43,nn,38.29,0.1
44,ssn,26.516666666666666,0.1
44,ss_link,198.19666666666666,0.1
44,nn,43.07,0.1
45,ssn,29.616666666666667,0.1
45,ss_link,224.04666666666665,0.1
45,nn,48.45333333333333,0.1
46,ssn,33.72666666666667,0.1
46,ss_link,251.56,0.1
46,nn,55.28,0.1
47,ssn,38.41,0.1
47,ss_link,281.42333333333335,0.1
47,nn,61.586666666666666,0.1
48,ssn,42.05,0.1
48,ss_link,316.29333333333335,0.1
48,nn,69.67666666666666,0.1
49,ssn,47.08,0.1
49,ss_link,354.77666666666664,0.1
49,nn,78.48,0.1
50,ssn,52.95,0.1
50,ss_link,398.16333333333336,0.1
50,nn,87.22,0.1
51,ssn,59.473333333333336,0.1
51,ss_link,449.0366666666667,0.1
51,nn,96.82,0.1
52,ssn,66.27333333333333,0.1
52,ss_link,503.27666666666664,0.1
52,nn,110.33,0.1
53,ssn,73.68666666666667,0.1
53,ss_link,561.2533333333333,0.1
53,nn,122.25666666666666,0.1
54,ssn,84.20666666666666,0.1
54,ss_link,627.9433333333334,0.1
54,nn,138.13666666666666,0.1
55,ssn,93.60666666666667,0.1
55,ss_link,704.8266666666667,0.1
55,nn,154.81666666666666,0.1
56,ssn,105.90666666666667,0.1
56,ss_link,789.2066666666667,0.1
56,nn,174.28333333333333,0.1
57,ssn,118.81,0.1
57,ss_link,880.0666666666667,0.1
57,nn,192.76666666666668,0.1
58,ssn,133.28666666666666,0.1
58,ss_link,987.42,0.1
58,nn,218.41333333333333,0.1
59,ssn,148.13666666666666,0.1
59,ss_link,1106.59,0.1
59,nn,245.42,0.1
60,ssn,39.526666666666664,0.1
60,ss_link,1352.5466666666666,0.1
60,nn,297.5,0.1
61,ssn,44.276666666666664,0.1
61,ss_link,1520.51,0.1
61,nn,332.8833333333333,0.1
62,ssn,50.29666666666667,0.1
62,ss_link,1707.4533333333334,0.1
62,nn,371.3433333333333,0.1
63,ssn,53.766666666666666,0.1
63,ss_link,1835.1466666666668,0.1
63,nn,413.08666666666664,0.1
64,ssn,53.17,0.1
64,ss_link,1769.66,0.1
64,nn,448.48,0.1
65,ssn,47.05,0.1
65,ss_link,1477.5266666666666,0.1
65,nn,476.2366666666667,0.1
66,ssn,38.74333333333333,0.1
66,ss_link,1106.5733333333333,0.1
66,nn,498.11333333333334,0.1
67,ssn,32.096666666666664,0.1
67,ss_link,806.9033333333333,0.1
67,nn,529.13,0.1
68,ssn,28.703333333333333,0.1
68,ss_link,629.0833333333334,0.1
68,nn,560.6,0.1
69,ssn,26.513333333333332,0.1
69,ss_link,530.1633333333333,0.1
69,nn,572.39,0.1
70,ssn,24.626666666666665,0.1
70,ss_link,471.2266666666667,0.1
70,nn,556.48,0.1
71,ssn,23.19333333333333,0.1
71,ss_link,419.0933333333333,0.1
71,nn,519.3833333333333,0.1
72,ssn,20.04,0.1
72,ss_link,368.45666666666665,0.1
72,nn,463.5366666666667,0.1
73,ssn,17.526666666666667,0.1
73,ss_link,323.20666666666665,0.1
73,nn,411.55333333333334,0.1
74,ssn,15.58,0.1
74,ss_link,288.68666666666667,0.1
74,nn,362.23333333333335,0.1
75,ssn,14.7,0.1
75,ss_link,257.74333333333334,0.1
75,nn,326.92,0.1
76,ssn,12.676666666666666,0.1
76,ss_link,234.04666666666665,0.1
76,nn,295.6766666666667,0.1
77,ssn,11.516666666666667,0.1
77,ss_link,213.5,0.1
77,nn,266.1433333333333,0.1
78,ssn,10.093333333333334,0.1
78,ss_link,189.53,0.1
78,nn,238.72333333333333,0.1
79,ssn,9.243333333333334,0.1
79,ss_link,170.44,0.1
79,nn,212.69,0.1
80,ssn,8.313333333333333,0.1
80,ss_link,153.31666666666666,0.1
80,nn,192.02666666666667,0.1
81,ssn,7.386666666666667,0.1
81,ss_link,136.08333333333334,0.1
81,nn,170.3,0.1
82,ssn,6.48,0.1
82,ss_link,122.43333333333334,0.1
82,nn,153.73,0.1
83,ssn,5.906666666666666,0.1
83,ss_link,109.38666666666667,0.1
83,nn,138.03333333333333,0.1
84,ssn,5.126666666666667,0.1
84,ss_link,98.36333333333333,0.1
84,nn,126.01666666666667,0.1
85,ssn,4.77,0.1
85,ss_link,88.26333333333334,0.1
85,nn,112.39666666666666,0.1
86,ssn,4.266666666666667,0.1
86,ss_link,78.23666666666666,0.1
86,nn,100.02,0.1
87,ssn,3.8766666666666665,0.1
87,ss_link,70.68333333333334,0.1
87,nn,90.88666666666667,0.1
88,ssn,3.533333333333333,0.1
88,ss_link,63.25,0.1
88,nn,80.99333333333334,0.1
89,ssn,3.13,0.1
89,ss_link,56.03666666666667,0.1
89,nn,71.61333333333333,0.1
90,ssn,2.783333333333333,0.1
90,ss_link,50.76,0.1
90,nn,64.15666666666667,0.1
91,ssn,2.32,0.1
91,ss_link,45.656666666666666,0.1
91,nn,58.17,0.1
92,ssn,2.33,0.1
92,ss_link,40.41,0.1
92,nn,51.45333333333333,0.1
93,ssn,2.0433333333333334,0.1
93,ss_link,36.84,0.1
93,nn,46.18333333333333,0.1
94,ssn,1.7892976588628762,0.1
94,ss_link,33.4180602006689,0.1
94,nn,42.06020066889632,0.1
95,ssn,1.7725752508361203,0.1
95,ss_link,29.598662207357858,0.1
95,nn,37.03678929765886,0.1
96,ssn,1.436241610738255,0.1
96,ss_link,27.21476510067114,0.1
96,nn,33.77181208053691,0.1
97,ssn,1.393939393939394,0.1
97,ss_link,23.683501683501685,0.1
97,nn,29.939393939393938,0.1
98,ssn,1.1879194630872483,0.1
98,ss_link,21.859060402684563,0.1
98,nn,27.154362416107382,0.1
99,ssn,1.1023890784982935,0.1
99,ss_link,19.781569965870307,0.1
99,nn,24.49146757679181,0.1
100,ssn,0.9795918367346939,0.1
100,ss_link,17.93877551020408,0.1
100,nn,22.0578231292517,0.1
101,ssn,0.8033898305084746,0.1
101,ss_link,16.044067796610168,0.1
101,nn,19.02033898305085,0.1
102,ssn,0.8707482993197279,0.1
102,ss_link,14.806122448979592,0.1
102,nn,18.010204081632654,0.1
103,ssn,0.8006872852233677,0.1
103,ss_link,13.109965635738831,0.1
103,nn,15.962199312714777,0.1
104,ssn,0.6472602739726028,0.1
104,ss_link,11.794520547945206,0.1
104,nn,15.017123287671232,0.1
105,ssn,0.6027874564459931,0.1
105,ss_link,10.94773519163763,0.1
105,nn,13.501742160278745,0.1
106,ssn,0.5017421602787456,0.1
106,ss_link,9.874564459930314,0.1
106,nn,11.874564459930314,0.1
107,ssn,0.4432624113475177,0.1
107,ss_link,9.046099290780141,0.1
107,nn,11.092198581560284,0.1
108,ssn,0.46886446886446886,0.1
108,ss_link,8.684981684981684,0.1
108,nn,9.7985347985348,0.1
109,ssn,0.39194139194139194,0.1
109,ss_link,7.714285714285714,0.1
109,nn,8.89010989010989,0.1
110,ssn,0.36231884057971014,0.1
110,ss_link,6.659420289855072,0.1
110,nn,8.18840579710145,0.1
111,ssn,0.3371212121212121,0.1
111,ss_link,6.011363636363637,0.1
111,nn,7.458333333333333,0.1
112,ssn,0.3231939163498099,0.1
112,ss_link,5.840304182509506,0.1
112,nn,7.133079847908745,0.1
113,ssn,0.2440944881889764,0.1
113,ss_link,5.019685039370079,0.1
113,nn,6.535433070866142,0.1
114,ssn,0.26859504132231404,0.1
114,ss_link,4.7190082644628095,0.1
114,nn,6.181818181818182,0.1
115,ssn,0.14682539682539683,0.1
115,ss_link,4.123015873015873,0.1
115,nn,5.992063492063492,0.1
116,ssn,0.2330508474576271,0.1
116,ss_link,4.059322033898305,0.1
116,nn,4.995762711864407,0.1
117,ssn,0.211864406779661,0.1
117,ss_link,3.5042372881355934,0.1
117,nn,4.6525423728813555,0.1
118,ssn,0.16143497757847533,0.1
118,ss_link,3.4484304932735426,0.1
118,nn,4.04932735426009,0.1
119,ssn,0.15165876777251186,0.1
119,ss_link,2.957345971563981,0.1
119,nn,3.8720379146919433,0.1
120,ssn,0.14705882352941177,0.1
120,ss_link,2.9754901960784315,0.1
120,nn,3.730392156862745,0.1
121,ssn,0.12562814070351758,0.1
121,ss_link,2.487437185929648,0.1
121,nn,3.321608040201005,0.1
122,ssn,0.16751269035532995,0.1
122,ss_link,2.279187817258883,0.1
122,nn,3.253807106598985,0.1
123,ssn,0.11855670103092783,0.1
123,ss_link,2.170103092783505,0.1
123,nn,2.8402061855670104,0.1
124,ssn,0.09523809523809523,0.1
124,ss_link,1.8518518518518519,0.1
124,nn,2.761904761904762,0.1
125,ssn,0.11428571428571428,0.1
125,ss_link,1.8171428571428572,0.1
125,nn,2.5142857142857142,0.1
126,ssn,0.09941520467836257,0.1
126,ss_link,1.760233918128655,0.1
126,nn,2.3976608187134505,0.1
127,ssn,0.11688311688311688,0.1
127,ss_link,1.7402597402597402,0.1
127,nn,2.3051948051948052,0.1
128,ssn,0.10526315789473684,0.1
128,ss_link,1.605263157894737,0.1
128,nn,2.335526315789474,0.1
129,ssn,0.13986013986013987,0.1
129,ss_link,1.6293706293706294,0.1
129,nn,1.8881118881118881,0.1
130,ssn,0.06338028169014084,0.1
130,ss_link,1.5985915492957747,0.1
130,nn,1.908450704225352,0.1
131,ssn,0.09302325581395349,0.1
131,ss_link,1.5116279069767442,0.1
131,nn,1.751937984496124,0.1
132,ssn,0.08527131782945736,0.1
132,ss_link,1.3488372093023255,0.1
132,nn,1.6124031007751938,0.1
133,ssn,0.04504504504504504,0.1
133,ss_link,1.4594594594594594,0.1
133,nn,1.6576576576576576,0.1
134,ssn,0.12264150943396226,0.1
134,ss_link,1.4622641509433962,0.1
134,nn,1.6886792452830188,0.1
135,ssn,0.09375,0.1
135,ss_link,1.5104166666666667,0.1
135,nn,1.5625,0.1
136,ssn,0.11224489795918367,0.1
136,ss_link,1.3265306122448979,0.1
136,nn,1.5714285714285714,0.1
137,ssn,0.13043478260869565,0.1
137,ss_link,1.2282608695652173,0.1
137,nn,1.5434782608695652,0.1
138,ssn,0.03488372093023256,0.1
138,ss_link,1.1046511627906976,0.1
138,nn,1.430232558139535,0.1
139,ssn,0.07894736842105263,0.1
139,ss_link,1.1578947368421053,0.1
139,nn,1.4342105263157894,0.1
140,ssn,0.05405405405405406,0.1
140,ss_link,1.2432432432432432,0.1
140,nn,1.135135135135135,0.1
141,ssn,0.057971014492753624,0.1
141,ss_link,1.463768115942029,0.1
141,nn,1.0144927536231885,0.1
142,ssn,0.07692307692307693,0.1
142,ss_link,1.353846153846154,0.1
142,nn,0.9846153846153847,0.1
143,ssn,0.03333333333333333,0.1
143,ss_link,1.2333333333333334,0.1
143,nn,1.0166666666666666,0.1
144,ssn,0,0.1
144,ss_link,1.1724137931034482,0.1
144,nn,1,0.1
145,ssn,0.022222222222222223,0.1
145,ss_link,0.8666666666666667,0.1
145,nn,0.9777777777777777,0.1
146,ssn,0.018518518518518517,0.1
146,ss_link,0.7777777777777778,0.1
146,nn,1.1481481481481481,0.1
147,ssn,0.022727272727272728,0.1
147,ss_link,0.7045454545454546,0.1
147,nn,1.25,0.1
148,ssn,0.029411764705882353,0.1
148,ss_link,0.6764705882352942,0.1
148,nn,1.088235294117647,0.1
149,ssn,0.029411764705882353,0.1
149,ss_link,0.6764705882352942,0.1
149,nn,1.1764705882352942,0.1
150,ssn,0.03571428571428571,0.1
150,ss_link,0.6428571428571429,0.1
150,nn,1.1071428571428572,0.1
151,ssn,0,0.1
151,ss_link,0.8421052631578947,0.1
151,nn,1,0.1
152,ssn,0.037037037037037035,0.1
152,ss_link,0.5555555555555556,0.1
152,nn,1.2962962962962963,0.1
153,ssn,0.045454545454545456,0.1
153,ss_link,0.5,0.1
153,nn,1.0909090909090908,0.1
154,ssn,0.16666666666666666,0.1
154,ss_link,0.6111111111111112,0.1
154,nn,1.1111111111111112,0.1
155,ssn,0,0.1
155,ss_link,0.5,0.1
155,nn,1.0714285714285714,0.1
156,ssn,0,0.1
156,ss_link,0.5,0.1
156,nn,1.125,0.1
157,ssn,0.1,0.1
157,ss_link,0.7,0.1
157,nn,0.9,0.1
158,ssn,0,0.1
158,ss_link,0.45454545454545453,0.1
158,nn,0.9090909090909091,0.1
159,ssn,0.09090909090909091,0.1
159,ss_link,1.1818181818181819,0.1
159,nn,0.6363636363636364,0.1
160,ssn,0,0.1
160,ss_link,1.1,0.1
160,nn,0.9,0.1
161,ssn,0.1111111111111111,0.1
161,ss_link,1.3333333333333333,0.1
161,nn,0.8888888888888888,0.1
162,ssn,0.16666666666666666,0.1
162,ss_link,1.5,0.1
162,nn,0.5,0.1
163,ssn,0,0.1
163,ss_link,0.875,0.1
163,nn,0.625,0.1
164,ssn,0.14285714285714285,0.1
164,ss_link,0.7142857142857143,0.1
164,nn,0.8571428571428571,0.1
165,ssn,0,0.1
165,ss_link,0.8,0.1
165,nn,0.8,0.1
166,ssn,0.2857142857142857,0.1
166,ss_link,0.5714285714285714,0.1
166,nn,0.5714285714285714,0.1
167,ssn,0,0.1
167,ss_link,0.6,0.1
167,nn,0.6,0.1
168,ssn,0,0.1
168,ss_link,1,0.1
168,nn,1,0.1
169,ssn,0,0.1
169,ss_link,0.6,0.1
169,nn,0.4,0.1
170,ssn,0.5,0.1
170,ss_link,1.5,0.1
170,nn,0.25,0.1
171,ssn,0,0.1
171,ss_link,2,0.1
171,nn,0.25,0.1
172,ssn,0,0.1
172,ss_link,1.8333333333333333,0.1
172,nn,0.5,0.1
173,ssn,0,0.1
173,ss_link,1.1666666666666667,0.1
173,nn,0.8333333333333334,0.1
174,ssn,0,0.1
174,ss_link,1,0.1
174,nn,0.6666666666666666,0.1
175,ssn,0,0.1
175,ss_link,1.6666666666666667,0.1
175,nn,0.6666666666666666,0.1
176,ssn,0,0.1
176,ss_link,2.6666666666666665,0.1
176,nn,0.6666666666666666,0.1
177,ssn,0,0.1
177,ss_link,1,0.1
177,nn,1.3333333333333333,0.1
178,ssn,0,0.1
178,ss_link,0.75,0.1
178,nn,0.5,0.1
179,ssn,0,0.1
179,ss_link,1,0.1
179,nn,1,0.1
180,ssn,0,0.1
180,ss_link,0,0.1
180,nn,1,0.1
181,ssn,0,0.1
181,ss_link,0,0.1
181,nn,3,0.1
182,ssn,0.5,0.1
182,ss_link,0,0.1
182,nn,1.5,0.1
185,ssn,0,0.1
185,ss_link,1,0.1
185,nn,1,0.1
186,ssn,0,0.1
186,ss_link,2,0.1
186,nn,0,0.1
187,ssn,1,0.1
187,ss_link,3,0.1
187,nn,0,0.1
188,ssn,0,0.1
188,ss_link,4,0.1
188,nn,0,0.1
189,ssn,0,0.1
189,ss_link,4,0.1
189,nn,0,0.1
190,ssn,0,0.1
190,ss_link,2,0.1
190,nn,0,0.1
191,ssn,1,0.1
191,ss_link,2,0.1
191,nn,0,0.1
192,ssn,0,0.1
192,ss_link,2,0.1
192,nn,0,0.1
193,ssn,0,0.1
193,ss_link,1,0.1
193,nn,0,0.1
195,ssn,1,0.1
195,ss_link,2,0.1
195,nn,2,0.1
196,ssn,0,0.1
196,ss_link,2,0.1
196,nn,1,0.1
197,ssn,0,0.1
197,ss_link,2,0.1
197,nn,0,0.1
199,ssn,0,0.1
199,ss_link,3,0.1
199,nn,1,0.1
200,ssn,0,0.1
200,ss_link,3,0.1
200,nn,1,0.1
201,ssn,0,0.1
201,ss_link,1,0.1
201,nn,1,0.1
204,ssn,0,0.1
204,ss_link,1,0.1
204,nn,0,0.1
206,ssn,0,0.1
206,ss_link,0,0.1
206,nn,1,0.1
0,ssn,0.3566666666666667,0.5
0,ss_link,0,0.5
0,nn,0.6433333333333333,0.5
2,ssn,0,0.5
2,ss_link,0.5,0.5
2,nn,0.5,0.5
3,ssn,0.14285714285714285,0.5
3,ss_link,0.6,0.5
3,nn,0.42857142857142855,0.5
4,ssn,0.2706766917293233,0.5
4,ss_link,0.7218045112781954,0.5
4,nn,0.41353383458646614,0.5
5,ssn,0.2774869109947644,0.5
5,ss_link,0.9947643979057592,0.5
5,nn,0.5287958115183246,0.5
6,ssn,0.24271844660194175,0.5
6,ss_link,0.9271844660194175,0.5
6,nn,0.6262135922330098,0.5
7,ssn,0.22404371584699453,0.5
7,ss_link,1.0382513661202186,0.5
7,nn,0.4972677595628415,0.5
8,ssn,0.2654320987654321,0.5
8,ss_link,0.9012345679012346,0.5
8,nn,0.4876543209876543,0.5
9,ssn,0.2804878048780488,0.5
9,ss_link,1.1524390243902438,0.5
9,nn,0.7560975609756098,0.5
10,ssn,0.2676767676767677,0.5
10,ss_link,1.4141414141414141,0.5
10,nn,0.8787878787878788,0.5
11,ssn,0.3167420814479638,0.5
11,ss_link,1.3619909502262444,0.5
11,nn,0.9547511312217195,0.5
12,ssn,0.3852813852813853,0.5
12,ss_link,1.5238095238095237,0.5
12,nn,1.2077922077922079,0.5
13,ssn,0.38596491228070173,0.5
13,ss_link,1.530701754385965,0.5
13,nn,1.2719298245614035,0.5
14,ssn,0.38589211618257263,0.5
14,ss_link,1.829875518672199,0.5
14,nn,1.2074688796680497,0.5
15,ssn,0.4364406779661017,0.5
15,ss_link,1.8008474576271187,0.5
15,nn,1.4576271186440677,0.5
16,ssn,0.4819277108433735,0.5
16,ss_link,1.963855421686747,0.5
16,nn,1.6144578313253013,0.5
17,ssn,0.6052631578947368,0.5
17,ss_link,2.206766917293233,0.5
17,nn,1.962406015037594,0.5
18,ssn,0.5970149253731343,0.5
18,ss_link,2.537313432835821,0.5
18,nn,2.2313432835820897,0.5
19,ssn,0.7148148148148148,0.5
19,ss_link,2.72962962962963,0.5
19,nn,2.4555555555555557,0.5
20,ssn,0.7436823104693141,0.5
20,ss_link,3.1299638989169676,0.5
20,nn,2.732851985559567,0.5
21,ssn,0.7359154929577465,0.5
21,ss_link,3.2711267605633805,0.5
21,nn,2.9859154929577465,0.5
22,ssn,0.9361702127659575,0.5
22,ss_link,3.517730496453901,0.5
22,nn,3.354609929078014,0.5
23,ssn,0.906896551724138,0.5
23,ss_link,4.144827586206897,0.5
23,nn,3.782758620689655,0.5
24,ssn,1.1355932203389831,0.5
24,ss_link,4.759322033898305,0.5
24,nn,4.301694915254237,0.5
25,ssn,1.4222972972972974,0.5
25,ss_link,5.320945945945946,0.5
25,nn,4.8141891891891895,0.5
26,ssn,1.3037542662116042,0.5
26,ss_link,5.7679180887372015,0.5
26,nn,5.477815699658703,0.5
27,ssn,1.5117845117845117,0.5
27,ss_link,6.175084175084175,0.5
27,nn,5.942760942760943,0.5
28,ssn,1.6094276094276094,0.5
28,ss_link,7.239057239057239,0.5
28,nn,6.6632996632996635,0.5
29,ssn,1.8922558922558923,0.5
29,ss_link,8.070707070707071,0.5
29,nn,7.653198653198653,0.5
30,ssn,2.12,0.5
30,ss_link,8.983333333333333,0.5
30,nn,8.606666666666667,0.5
31,ssn,2.4214046822742477,0.5
31,ss_link,10.34448160535117,0.5
31,nn,9.591973244147157,0.5
32,ssn,2.6233333333333335,0.5
32,ss_link,11.386666666666667,0.5
32,nn,10.97,0.5
33,ssn,3.0433333333333334,0.5
33,ss_link,12.236666666666666,0.5
33,nn,12.21,0.5
34,ssn,3.296666666666667,0.5
34,ss_link,14.063333333333333,0.5
34,nn,13.516666666666667,0.5
35,ssn,3.77,0.5
35,ss_link,15.336666666666666,0.5
35,nn,15.49,0.5
36,ssn,4.3133333333333335,0.5
36,ss_link,17.37,0.5
36,nn,17.403333333333332,0.5
37,ssn,4.6066666666666665,0.5
37,ss_link,19.363333333333333,0.5
37,nn,19.37,0.5
38,ssn,5.386666666666667,0.5
38,ss_link,21.85,0.5
38,nn,21.73,0.5
39,ssn,6.023333333333333,0.5
39,ss_link,24.696666666666665,0.5
39,nn,24.533333333333335,0.5
40,ssn,6.72,0.5
40,ss_link,27.49,0.5
40,nn,27.39666666666667,0.5
41,ssn,7.51,0.5
41,ss_link,30.403333333333332,0.5
41,nn,30.463333333333335,0.5
42,ssn,8.61,0.5
42,ss_link,34.88,0.5
42,nn,33.946666666666665,0.5
43,ssn,9.493333333333334,0.5
43,ss_link,38.766666666666666,0.5
43,nn,38.11333333333334,0.5
44,ssn,10.436666666666667,0.5
44,ss_link,43.78,0.5
44,nn,43.75666666666667,0.5
45,ssn,11.983333333333333,0.5
45,ss_link,49.086666666666666,0.5
45,nn,47.63666666666666,0.5
46,ssn,13.563333333333333,0.5
46,ss_link,55.78333333333333,0.5
46,nn,53.97,0.5
47,ssn,15,0.5
47,ss_link,62.74,0.5
47,nn,60.39666666666667,0.5
48,ssn,16.67,0.5
48,ss_link,69.82666666666667,0.5
48,nn,68.21333333333334,0.5
49,ssn,18.67,0.5
49,ss_link,77.28,0.5
49,nn,75.89,0.5
50,ssn,21.223333333333333,0.5
50,ss_link,87.30333333333333,0.5
50,nn,86.31333333333333,0.5
51,ssn,23.856666666666666,0.5
51,ss_link,97.9,0.5
51,nn,95.97,0.5
52,ssn,26.886666666666667,0.5
52,ss_link,109.88333333333334,0.5
52,nn,107.85666666666667,0.5
53,ssn,29.56,0.5
53,ss_link,123.72,0.5
53,nn,120.72333333333333,0.5
54,ssn,33.596666666666664,0.5
54,ss_link,138.38666666666666,0.5
54,nn,134.82,0.5
55,ssn,37.50666666666667,0.5
55,ss_link,155.08666666666667,0.5
55,nn,152.87333333333333,0.5
56,ssn,42.486666666666665,0.5
56,ss_link,175.29666666666665,0.5
56,nn,170.29,0.5
57,ssn,46.95,0.5
57,ss_link,194.40666666666667,0.5
57,nn,192.68,0.5
58,ssn,53.18,0.5
58,ss_link,220.40666666666667,0.5
58,nn,215.56,0.5
59,ssn,58.92,0.5
59,ss_link,245.58,0.5
59,nn,240.67333333333335,0.5
60,ssn,2.993333333333333,0.5
60,ss_link,308.8666666666667,0.5
60,nn,302.1433333333333,0.5
61,ssn,3.3866666666666667,0.5
61,ss_link,345.16,0.5
61,nn,338.20666666666665,0.5
62,ssn,3.6666666666666665,0.5
62,ss_link,386.1766666666667,0.5
62,nn,379.87666666666667,0.5
63,ssn,3.6333333333333333,0.5
63,ss_link,414.43,0.5
63,nn,414.25333333333333,0.5
64,ssn,3.92,0.5
64,ss_link,393.53,0.5
64,nn,427.44666666666666,0.5
65,ssn,3.44,0.5
65,ss_link,310.07,0.5
65,nn,408.44666666666666,0.5
66,ssn,2.743333333333333,0.5
66,ss_link,209.65,0.5
66,nn,382.9266666666667,0.5
67,ssn,2.493333333333333,0.5
67,ss_link,126.95333333333333,0.5
67,nn,367.42,0.5
68,ssn,1.9066666666666667,0.5
68,ss_link,72.88666666666667,0.5
68,nn,365.6333333333333,0.5
69,ssn,1.93,0.5
69,ss_link,45.56333333333333,0.5
69,nn,360.14,0.5
70,ssn,1.7233333333333334,0.5
70,ss_link,31.62,0.5
70,nn,346.58,0.5
71,ssn,1.59,0.5
71,ss_link,25.106666666666666,0.5
71,nn,322.92333333333335,0.5
72,ssn,1.4866666666666666,0.5
72,ss_link,20.78,0.5
72,nn,289.51666666666665,0.5
73,ssn,1.2733333333333334,0.5
73,ss_link,17.33,0.5
73,nn,253.57,0.5
74,ssn,1.0933333333333333,0.5
74,ss_link,15.353333333333333,0.5
74,nn,224.70666666666668,0.5
75,ssn,0.9833333333333333,0.5
75,ss_link,13.67,0.5
75,nn,202.96333333333334,0.5
76,ssn,0.81,0.5
76,ss_link,12.53,0.5
76,nn,181.14333333333335,0.5
77,ssn,0.7866666666666666,0.5
77,ss_link,11.376666666666667,0.5
77,nn,165.49666666666667,0.5
78,ssn,0.7033333333333334,0.5
78,ss_link,10.273333333333333,0.5
78,nn,148.8,0.5
79,ssn,0.74,0.5
79,ss_link,8.673333333333334,0.5
79,nn,132.38,0.5
80,ssn,0.5433333333333333,0.5
80,ss_link,7.756666666666667,0.5
80,nn,118.88333333333334,0.5
81,ssn,0.5566666666666666,0.5
81,ss_link,6.93,0.5
81,nn,106.08,0.5
82,ssn,0.47,0.5
82,ss_link,6.266666666666667,0.5
82,nn,95.06333333333333,0.5
83,ssn,0.4866666666666667,0.5
83,ss_link,5.5,0.5
83,nn,84.00666666666666,0.5
84,ssn,0.4633333333333333,0.5
84,ss_link,5.296666666666667,0.5
84,nn,76.29333333333334,0.5
85,ssn,0.3466666666666667,0.5
85,ss_link,4.456666666666667,0.5
85,nn,67.79666666666667,0.5
86,ssn,0.34,0.5
86,ss_link,4.23,0.5
86,nn,61.056666666666665,0.5
87,ssn,0.2966666666666667,0.5
87,ss_link,3.816666666666667,0.5
87,nn,55.276666666666664,0.5
88,ssn,0.20333333333333334,0.5
88,ss_link,3.61,0.5
88,nn,49.276666666666664,0.5
89,ssn,0.24,0.5
89,ss_link,3.3333333333333335,0.5
89,nn,43.906666666666666,0.5
90,ssn,0.15,0.5
90,ss_link,2.9,0.5
90,nn,39.2,0.5
91,ssn,0.18666666666666668,0.5
91,ss_link,2.533333333333333,0.5
91,nn,35.913333333333334,0.5
92,ssn,0.16333333333333333,0.5
92,ss_link,2.3066666666666666,0.5
92,nn,31.703333333333333,0.5
93,ssn,0.15666666666666668,0.5
93,ss_link,2.223333333333333,0.5
93,nn,28.683333333333334,0.5
94,ssn,0.09666666666666666,0.5
94,ss_link,1.9266666666666667,0.5
94,nn,26.376666666666665,0.5
95,ssn,0.10333333333333333,0.5
95,ss_link,1.4366666666666668,0.5
95,nn,23.03,0.5
96,ssn,0.07407407407407407,0.5
96,ss_link,1.3602693602693603,0.5
96,nn,20.754208754208754,0.5
97,ssn,0.06756756756756757,0.5
97,ss_link,1.3445945945945945,0.5
97,nn,18.50337837837838,0.5
98,ssn,0.06418918918918919,0.5
98,ss_link,1.1452702702702702,0.5
98,nn,16.736486486486488,0.5
99,ssn,0.07046979865771812,0.5
99,ss_link,0.9530201342281879,0.5
99,nn,14.949664429530202,0.5
100,ssn,0.0684931506849315,0.5
100,ss_link,0.8732876712328768,0.5
100,nn,14.013698630136986,0.5
101,ssn,0.06802721088435375,0.5
101,ss_link,0.7006802721088435,0.5
101,nn,12.850340136054422,0.5
102,ssn,0.0547945205479452,0.5
102,ss_link,0.6198630136986302,0.5
102,nn,11.373287671232877,0.5
103,ssn,0.05136986301369863,0.5
103,ss_link,0.5856164383561644,0.5
103,nn,10.034246575342467,0.5
104,ssn,0.03806228373702422,0.5
104,ss_link,0.5017301038062284,0.5
104,nn,9.093425605536332,0.5
105,ssn,0.035842293906810034,0.5
105,ss_link,0.43010752688172044,0.5
105,nn,8.702508960573477,0.5
106,ssn,0.05454545454545454,0.5
106,ss_link,0.5454545454545454,0.5
106,nn,7.501818181818182,0.5
107,ssn,0.05555555555555555,0.5
107,ss_link,0.48518518518518516,0.5
107,nn,7.159259259259259,0.5
108,ssn,0.05128205128205128,0.5
108,ss_link,0.37362637362637363,0.5
108,nn,6.282051282051282,0.5
109,ssn,0.022727272727272728,0.5
109,ss_link,0.375,0.5
109,nn,5.484848484848484,0.5
110,ssn,0.019011406844106463,0.5
110,ss_link,0.33460076045627374,0.5
110,nn,5.319391634980988,0.5
111,ssn,0.01953125,0.5
111,ss_link,0.44921875,0.5
111,nn,4.87890625,0.5
112,ssn,0.032388663967611336,0.5
112,ss_link,0.3967611336032389,0.5
112,nn,4.477732793522267,0.5
113,ssn,0.01646090534979424,0.5
113,ss_link,0.25925925925925924,0.5
113,nn,3.9012345679012346,0.5
114,ssn,0.01293103448275862,0.5
114,ss_link,0.3620689655172414,0.5
114,nn,3.7543103448275863,0.5
115,ssn,0.017857142857142856,0.5
115,ss_link,0.26785714285714285,0.5
115,nn,3.4375,0.5
116,ssn,0.013215859030837005,0.5
116,ss_link,0.23788546255506607,0.5
116,nn,3.237885462555066,0.5
117,ssn,0.027777777777777776,0.5
117,ss_link,0.18055555555555555,0.5
117,nn,2.8981481481481484,0.5
118,ssn,0.004878048780487805,0.5
118,ss_link,0.21951219512195122,0.5
118,nn,2.8097560975609754,0.5
119,ssn,0.010101010101010102,0.5
119,ss_link,0.12626262626262627,0.5
119,nn,2.484848484848485,0.5
120,ssn,0.029585798816568046,0.5
120,ss_link,0.20118343195266272,0.5
120,nn,2.4792899408284024,0.5
121,ssn,0.016853932584269662,0.5
121,ss_link,0.16292134831460675,0.5
121,nn,2.398876404494382,0.5
122,ssn,0.018292682926829267,0.5
122,ss_link,0.2073170731707317,0.5
122,nn,2.3109756097560976,0.5
123,ssn,0.012903225806451613,0.5
123,ss_link,0.10967741935483871,0.5
123,nn,2.161290322580645,0.5
124,ssn,0.013071895424836602,0.5
124,ss_link,0.1895424836601307,0.5
124,nn,2.026143790849673,0.5
125,ssn,0.007575757575757576,0.5
125,ss_link,0.14393939393939395,0.5
125,nn,1.9318181818181819,0.5
126,ssn,0.007874015748031496,0.5
126,ss_link,0.18110236220472442,0.5
126,nn,1.889763779527559,0.5
127,ssn,0,0.5
127,ss_link,0.2032520325203252,0.5
127,nn,1.7479674796747968,0.5
128,ssn,0.008928571428571428,0.5
128,ss_link,0.11607142857142858,0.5
128,nn,1.7857142857142858,0.5
129,ssn,0.009708737864077669,0.5
129,ss_link,0.1553398058252427,0.5
129,nn,1.5436893203883495,0.5
130,ssn,0.009345794392523364,0.5
130,ss_link,0.07476635514018691,0.5
130,nn,1.3831775700934579,0.5
131,ssn,0,0.5
131,ss_link,0.11428571428571428,0.5
131,nn,1.6,0.5
132,ssn,0.012195121951219513,0.5
132,ss_link,0.0975609756097561,0.5
132,nn,1.5731707317073171,0.5
133,ssn,0,0.5
133,ss_link,0.12658227848101267,0.5
133,nn,1.5316455696202531,0.5
134,ssn,0,0.5
134,ss_link,0.11594202898550725,0.5
134,nn,1.5942028985507246,0.5
135,ssn,0,0.5
135,ss_link,0.05357142857142857,0.5
135,nn,1.3571428571428572,0.5
136,ssn,0.01818181818181818,0.5
136,ss_link,0.12727272727272726,0.5
136,nn,1.2727272727272727,0.5
137,ssn,0,0.5
137,ss_link,0.07142857142857142,0.5
137,nn,1.4047619047619047,0.5
138,ssn,0,0.5
138,ss_link,0.1,0.5
138,nn,1.275,0.5
139,ssn,0,0.5
139,ss_link,0.11764705882352941,0.5
139,nn,1.1176470588235294,0.5
140,ssn,0,0.5
140,ss_link,0.02631578947368421,0.5
140,nn,1.131578947368421,0.5
141,ssn,0.07142857142857142,0.5
141,ss_link,0.03571428571428571,0.5
141,nn,1.1785714285714286,0.5
142,ssn,0,0.5
142,ss_link,0.038461538461538464,0.5
142,nn,1.0769230769230769,0.5
143,ssn,0,0.5
143,ss_link,0,0.5
143,nn,1.206896551724138,0.5
144,ssn,0,0.5
144,ss_link,0.08333333333333333,0.5
144,nn,1,0.5
145,ssn,0,0.5
145,ss_link,0.1,0.5
145,nn,1.25,0.5
146,ssn,0,0.5
146,ss_link,0.22727272727272727,0.5
146,nn,1.0909090909090908,0.5
147,ssn,0,0.5
147,ss_link,0.1875,0.5
147,nn,1,0.5
148,ssn,0,0.5
148,ss_link,0.14285714285714285,0.5
148,nn,1.1428571428571428,0.5
149,ssn,0,0.5
149,ss_link,0.16666666666666666,0.5
149,nn,1.1666666666666667,0.5
150,ssn,0,0.5
150,ss_link,0.1,0.5
150,nn,0.9,0.5
151,ssn,0,0.5
151,ss_link,0,0.5
151,nn,1.3333333333333333,0.5
152,ssn,0,0.5
152,ss_link,0.1,0.5
152,nn,1.1,0.5
153,ssn,0,0.5
153,ss_link,0,0.5
153,nn,1,0.5
154,ssn,0,0.5
154,ss_link,0,0.5
154,nn,1,0.5
155,ssn,0,0.5
155,ss_link,0,0.5
155,nn,1.1666666666666667,0.5
156,ssn,0,0.5
156,ss_link,0,0.5
156,nn,1,0.5
157,ssn,0,0.5
157,ss_link,0,0.5
157,nn,1.1666666666666667,0.5
158,ssn,0,0.5
158,ss_link,0,0.5
158,nn,1.25,0.5
159,ssn,0,0.5
159,ss_link,0,0.5
159,nn,1,0.5
160,ssn,0,0.5
160,ss_link,0,0.5
160,nn,1.3333333333333333,0.5
161,ssn,0,0.5
161,ss_link,0,0.5
161,nn,1,0.5
162,ssn,0,0.5
162,ss_link,0,0.5
162,nn,1,0.5
163,ssn,0,0.5
163,ss_link,0,0.5
163,nn,1,0.5
165,ssn,0,0.5
165,ss_link,0,0.5
165,nn,1,0.5
166,ssn,0,0.5
166,ss_link,0,0.5
166,nn,1.3333333333333333,0.5
169,ssn,0,0.5
169,ss_link,0,0.5
169,nn,1,0.5
170,ssn,0,0.5
170,ss_link,0,0.5
170,nn,1,0.5
173,ssn,0,0.5
173,ss_link,0,0.5
173,nn,1,0.5
0,ssn,0.23333333333333334,1
0,ss_link,0,1
0,nn,0.7666666666666667,1
2,ssn,0.25,1
2,ss_link,0.5,1
2,nn,0.25,1
3,ssn,0.21621621621621623,1
3,ss_link,0.43243243243243246,1
3,nn,0.40540540540540543,1
4,ssn,0.1553398058252427,1
4,ss_link,0.5436893203883495,1
4,nn,0.5631067961165048,1
5,ssn,0.1534090909090909,1
5,ss_link,0.6534090909090909,1
5,nn,0.7784090909090909,1
6,ssn,0.2,1
6,ss_link,0.8,1
6,nn,0.7428571428571429,1
7,ssn,0.21084337349397592,1
7,ss_link,0.5783132530120482,1
7,nn,0.7469879518072289,1
8,ssn,0.21428571428571427,1
8,ss_link,0.5357142857142857,1
8,nn,0.7214285714285714,1
9,ssn,0.1509433962264151,1
9,ss_link,0.7610062893081762,1
9,nn,0.8679245283018868,1
10,ssn,0.17204301075268819,1
10,ss_link,0.6881720430107527,1
10,nn,1.1451612903225807,1
11,ssn,0.16371681415929204,1
11,ss_link,0.8893805309734514,1
11,nn,1.1858407079646018,1
12,ssn,0.2590909090909091,1
12,ss_link,0.8818181818181818,1
12,nn,1.309090909090909,1
13,ssn,0.28270042194092826,1
13,ss_link,0.9620253164556962,1
13,nn,1.1772151898734178,1
14,ssn,0.25,1
14,ss_link,0.8620689655172413,1
14,nn,1.4439655172413792,1
15,ssn,0.275,1
15,ss_link,0.9583333333333334,1
15,nn,1.5458333333333334,1
16,ssn,0.2834008097165992,1
16,ss_link,1.0850202429149798,1
16,nn,1.8502024291497976,1
17,ssn,0.29961089494163423,1
17,ss_link,1.1867704280155642,1
17,nn,2.2879377431906613,1
18,ssn,0.3925925925925926,1
18,ss_link,1.3333333333333333,1
18,nn,2.4925925925925925,1
19,ssn,0.4354243542435424,1
19,ss_link,1.4833948339483394,1
19,nn,2.5535055350553506,1
20,ssn,0.3663003663003663,1
20,ss_link,1.6996336996336996,1
20,nn,2.8205128205128207,1
21,ssn,0.4204946996466431,1
21,ss_link,1.6537102473498233,1
21,nn,2.978798586572438,1
22,ssn,0.5964912280701754,1
22,ss_link,1.8912280701754387,1
22,nn,3.389473684210526,1
23,ssn,0.6643598615916955,1
23,ss_link,2.1038062283737022,1
23,nn,3.8719723183391004,1
24,ssn,0.6745762711864407,1
24,ss_link,2.5796610169491525,1
24,nn,4.505084745762712,1
25,ssn,0.6870748299319728,1
25,ss_link,2.63265306122449,1
25,nn,4.95578231292517,1
26,ssn,0.852233676975945,1
26,ss_link,2.783505154639175,1
26,nn,5.463917525773196,1
27,ssn,0.8394648829431438,1
27,ss_link,3.331103678929766,1
27,nn,5.8193979933110365,1
28,ssn,1.0769230769230769,1
28,ss_link,3.7558528428093645,1
28,nn,6.719063545150502,1
29,ssn,1.2642140468227425,1
29,ss_link,4.411371237458194,1
29,nn,7.65886287625418,1
30,ssn,1.2876254180602007,1
30,ss_link,4.68561872909699,1
30,nn,8.578595317725753,1
31,ssn,1.483221476510067,1
31,ss_link,5.248322147651007,1
31,nn,9.822147651006711,1
32,ssn,1.6387959866220736,1
32,ss_link,5.8361204013377925,1
32,nn,10.826086956521738,1
33,ssn,1.7666666666666666,1
33,ss_link,6.59,1
33,nn,12.056666666666667,1
34,ssn,1.9333333333333333,1
34,ss_link,7.533333333333333,1
34,nn,13.146666666666667,1
35,ssn,2.4033333333333333,1
35,ss_link,8.676666666666666,1
35,nn,15.283333333333333,1
36,ssn,2.58,1
36,ss_link,9.61,1
36,nn,17.333333333333332,1
37,ssn,3.03,1
37,ss_link,10.676666666666666,1
37,nn,18.99,1
38,ssn,3.2333333333333334,1
38,ss_link,11.823333333333334,1
38,nn,21.52,1
39,ssn,3.71,1
39,ss_link,13.106666666666667,1
39,nn,24.293333333333333,1
40,ssn,3.993333333333333,1
40,ss_link,14.576666666666666,1
40,nn,27.11,1
41,ssn,4.523333333333333,1
41,ss_link,16.323333333333334,1
41,nn,30.573333333333334,1
42,ssn,5.123333333333333,1
42,ss_link,18.926666666666666,1
42,nn,34.14333333333333,1
43,ssn,5.743333333333333,1
43,ss_link,21.23,1
43,nn,38.45666666666666,1
44,ssn,6.616666666666666,1
44,ss_link,24.263333333333332,1
44,nn,42.68666666666667,1
45,ssn,7.3566666666666665,1
45,ss_link,27.11,1
45,nn,48.13,1
46,ssn,7.946666666666666,1
46,ss_link,28.91,1
46,nn,54.236666666666665,1
47,ssn,8.78,1
47,ss_link,33.43333333333333,1
47,nn,60.65,1
48,ssn,10.213333333333333,1
48,ss_link,37.263333333333335,1
48,nn,68.67,1
49,ssn,11.42,1
49,ss_link,41.71666666666667,1
49,nn,77.52666666666667,1
50,ssn,12.766666666666667,1
50,ss_link,47.28666666666667,1
50,nn,86.46666666666667,1
51,ssn,14.27,1
51,ss_link,52.28666666666667,1
51,nn,96.39333333333333,1
52,ssn,16.006666666666668,1
52,ss_link,58.666666666666664,1
52,nn,108.23666666666666,1
53,ssn,18.156666666666666,1
53,ss_link,65.84,1
53,nn,122.44666666666667,1
54,ssn,20.456666666666667,1
54,ss_link,73.60333333333334,1
54,nn,136.68666666666667,1
55,ssn,22.53,1
55,ss_link,82.36333333333333,1
55,nn,153.98333333333332,1
56,ssn,25.796666666666667,1
56,ss_link,92.11333333333333,1
56,nn,172.45333333333335,1
57,ssn,28.46,1
57,ss_link,103.97666666666667,1
57,nn,192.48,1
58,ssn,32.093333333333334,1
58,ss_link,116.83666666666667,1
58,nn,215.71333333333334,1
59,ssn,36.21666666666667,1
59,ss_link,131.68333333333334,1
59,nn,241.12666666666667,1
60,ssn,0.68,1
60,ss_link,161.52,1
60,nn,297.55,1
61,ssn,0.7033333333333334,1
61,ss_link,181.18666666666667,1
61,nn,333.2366666666667,1
62,ssn,0.8333333333333334,1
62,ss_link,203.01333333333332,1
62,nn,373.62333333333333,1
63,ssn,0.9233333333333333,1
63,ss_link,218.07666666666665,1
63,nn,407.0566666666667,1
64,ssn,0.86,1
64,ss_link,204.74,1
64,nn,410.99,1
65,ssn,0.8433333333333334,1
65,ss_link,161.62333333333333,1
65,nn,382.55333333333334,1
66,ssn,0.5766666666666667,1
66,ss_link,106.26,1
66,nn,339.5233333333333,1
67,ssn,0.4633333333333333,1
67,ss_link,60.09,1
67,nn,314.02666666666664,1
68,ssn,0.4266666666666667,1
68,ss_link,31.19,1
68,nn,297.86333333333334,1
69,ssn,0.4633333333333333,1
69,ss_link,16.46,1
69,nn,291.3333333333333,1
70,ssn,0.36333333333333334,1
70,ss_link,9.293333333333333,1
70,nn,277.85,1
71,ssn,0.4066666666666667,1
71,ss_link,6.41,1
71,nn,255.31,1
72,ssn,0.32,1
72,ss_link,4.6466666666666665,1
72,nn,227.60666666666665,1
73,ssn,0.26,1
73,ss_link,3.6933333333333334,1
73,nn,201.95333333333335,1
74,ssn,0.27,1
74,ss_link,3.16,1
74,nn,177.41666666666666,1
75,ssn,0.24,1
75,ss_link,2.6766666666666667,1
75,nn,159.25333333333333,1
76,ssn,0.18333333333333332,1
76,ss_link,2.65,1
76,nn,145.42,1
77,ssn,0.19,1
77,ss_link,2.296666666666667,1
77,nn,130.89,1
78,ssn,0.16666666666666666,1
78,ss_link,2.07,1
78,nn,117.06,1
79,ssn,0.15,1
79,ss_link,2.0533333333333332,1
79,nn,105.97333333333333,1
80,ssn,0.14,1
80,ss_link,1.78,1
80,nn,92.89333333333333,1
81,ssn,0.09666666666666666,1
81,ss_link,1.4833333333333334,1
81,nn,84.14,1
82,ssn,0.10666666666666667,1
82,ss_link,1.4433333333333334,1
82,nn,75.27666666666667,1
83,ssn,0.07333333333333333,1
83,ss_link,1.23,1
83,nn,68.08,1
84,ssn,0.09666666666666666,1
84,ss_link,1.1133333333333333,1
84,nn,61.553333333333335,1
85,ssn,0.08666666666666667,1
85,ss_link,1.0133333333333334,1
85,nn,54.86,1
86,ssn,0.08333333333333333,1
86,ss_link,0.9366666666666666,1
86,nn,48.88333333333333,1
87,ssn,0.03666666666666667,1
87,ss_link,0.8,1
87,nn,44.78333333333333,1
88,ssn,0.056666666666666664,1
88,ss_link,0.6833333333333333,1
88,nn,39.4,1
89,ssn,0.03666666666666667,1
89,ss_link,0.6033333333333334,1
89,nn,35.63333333333333,1
90,ssn,0.04666666666666667,1
90,ss_link,0.5933333333333334,1
90,nn,31.886666666666667,1
91,ssn,0.03333333333333333,1
91,ss_link,0.47333333333333333,1
91,nn,28.15,1
92,ssn,0.043333333333333335,1
92,ss_link,0.45,1
92,nn,25.63,1
93,ssn,0.02666666666666667,1
93,ss_link,0.39,1
93,nn,23.363333333333333,1
94,ssn,0.02666666666666667,1
94,ss_link,0.33,1
94,nn,21.06,1
95,ssn,0.01,1
95,ss_link,0.30666666666666664,1
95,nn,18.55666666666667,1
96,ssn,0.02,1
96,ss_link,0.23,1
96,nn,16.83,1
97,ssn,0.023333333333333334,1
97,ss_link,0.26,1
97,nn,14.856666666666667,1
98,ssn,0.02,1
98,ss_link,0.23,1
98,nn,13.22,1
99,ssn,0.010067114093959731,1
99,ss_link,0.18456375838926176,1
99,nn,11.848993288590604,1
100,ssn,0.003367003367003367,1
100,ss_link,0.18855218855218855,1
100,nn,11.191919191919192,1
101,ssn,0.020202020202020204,1
101,ss_link,0.17845117845117844,1
101,nn,9.952861952861953,1
102,ssn,0.006825938566552901,1
102,ss_link,0.14675767918088736,1
102,nn,8.713310580204778,1
103,ssn,0.010416666666666666,1
103,ss_link,0.13541666666666666,1
103,nn,8.14236111111111,1
104,ssn,0.00684931506849315,1
104,ss_link,0.09931506849315068,1
104,nn,7.260273972602739,1
105,ssn,0.014035087719298246,1
105,ss_link,0.10175438596491228,1
105,nn,6.610526315789474,1
106,ssn,0.0034965034965034965,1
106,ss_link,0.07342657342657342,1
106,nn,5.730769230769231,1
107,ssn,0.017605633802816902,1
107,ss_link,0.08450704225352113,1
107,nn,5.387323943661972,1
108,ssn,0.010948905109489052,1
108,ss_link,0.0948905109489051,1
108,nn,5.029197080291971,1
109,ssn,0.011152416356877323,1
109,ss_link,0.05204460966542751,1
109,nn,4.669144981412639,1
110,ssn,0,1
110,ss_link,0.06870229007633588,1
110,nn,4.343511450381679,1
111,ssn,0,1
111,ss_link,0.06896551724137931,1
111,nn,3.7164750957854404,1
112,ssn,0.00784313725490196,1
112,ss_link,0.09019607843137255,1
112,nn,3.545098039215686,1
113,ssn,0.00819672131147541,1
113,ss_link,0.0860655737704918,1
113,nn,3.1147540983606556,1
114,ssn,0,1
114,ss_link,0.08016877637130802,1
114,nn,3.059071729957806,1
115,ssn,0.004291845493562232,1
115,ss_link,0.06437768240343347,1
115,nn,2.836909871244635,1
116,ssn,0,1
116,ss_link,0.03879310344827586,1
116,nn,2.6163793103448274,1
117,ssn,0.014354066985645933,1
117,ss_link,0.0430622009569378,1
117,nn,2.5167464114832536,1
118,ssn,0.0048543689320388345,1
118,ss_link,0.019417475728155338,1
118,nn,2.2184466019417477,1
119,ssn,0,1
119,ss_link,0.06417112299465241,1
119,nn,2.197860962566845,1
120,ssn,0,1
120,ss_link,0.03910614525139665,1
120,nn,2.1340782122905027,1
121,ssn,0,1
121,ss_link,0.01744186046511628,1
121,nn,2.127906976744186,1
122,ssn,0.006097560975609756,1
122,ss_link,0.04878048780487805,1
122,nn,1.9939024390243902,1
123,ssn,0,1
123,ss_link,0.04929577464788732,1
123,nn,1.8169014084507042,1
124,ssn,0,1
124,ss_link,0.047619047619047616,1
124,nn,1.8299319727891157,1
125,ssn,0,1
125,ss_link,0.022058823529411766,1
125,nn,1.6764705882352942,1
126,ssn,0,1
126,ss_link,0.007692307692307693,1
126,nn,1.6538461538461537,1
127,ssn,0,1
127,ss_link,0.008620689655172414,1
127,nn,1.5344827586206897,1
128,ssn,0,1
128,ss_link,0.019230769230769232,1
128,nn,1.5865384615384615,1
129,ssn,0,1
129,ss_link,0.021505376344086023,1
129,nn,1.4731182795698925,1
130,ssn,0,1
130,ss_link,0.02247191011235955,1
130,nn,1.4606741573033708,1
131,ssn,0,1
131,ss_link,0,1
131,nn,1.4683544303797469,1
132,ssn,0,1
132,ss_link,0,1
132,nn,1.4736842105263157,1
133,ssn,0,1
133,ss_link,0,1
133,nn,1.3870967741935485,1
134,ssn,0,1
134,ss_link,0,1
134,nn,1.375,1
135,ssn,0,1
135,ss_link,0,1
135,nn,1.297872340425532,1
136,ssn,0,1
136,ss_link,0,1
136,nn,1.42,1
137,ssn,0,1
137,ss_link,0,1
137,nn,1.3333333333333333,1
138,ssn,0,1
138,ss_link,0,1
138,nn,1.2380952380952381,1
139,ssn,0,1
139,ss_link,0,1
139,nn,1.1764705882352942,1
140,ssn,0.029411764705882353,1
140,ss_link,0,1
140,nn,1.0588235294117647,1
141,ssn,0,1
141,ss_link,0,1
141,nn,1.1612903225806452,1
142,ssn,0,1
142,ss_link,0,1
142,nn,1.1666666666666667,1
143,ssn,0.037037037037037035,1
143,ss_link,0.037037037037037035,1
143,nn,1.1481481481481481,1
144,ssn,0,1
144,ss_link,0.043478260869565216,1
144,nn,1.1304347826086956,1
145,ssn,0,1
145,ss_link,0,1
145,nn,1.1578947368421053,1
146,ssn,0,1
146,ss_link,0.2777777777777778,1
146,nn,1,1
147,ssn,0,1
147,ss_link,0,1
147,nn,1.0769230769230769,1
148,ssn,0,1
148,ss_link,0.15384615384615385,1
148,nn,0.8461538461538461,1
149,ssn,0,1
149,ss_link,0.1,1
149,nn,1.2,1
150,ssn,0,1
150,ss_link,0.2,1
150,nn,1,1
151,ssn,0,1
151,ss_link,0.2222222222222222,1
151,nn,0.8888888888888888,1
152,ssn,0,1
152,ss_link,0,1
152,nn,1.1111111111111112,1
153,ssn,0,1
153,ss_link,0,1
153,nn,1.125,1
154,ssn,0,1
154,ss_link,0,1
154,nn,1.1428571428571428,1
155,ssn,0,1
155,ss_link,0,1
155,nn,1,1
156,ssn,0,1
156,ss_link,0,1
156,nn,1,1
157,ssn,0,1
157,ss_link,0,1
157,nn,1.2,1
158,ssn,0,1
158,ss_link,0,1
158,nn,1,1
159,ssn,0,1
159,ss_link,0,1
159,nn,1,1
160,ssn,0,1
160,ss_link,0,1
160,nn,1,1
161,ssn,0,1
161,ss_link,0,1
161,nn,1,1
162,ssn,0,1
162,ss_link,0,1
162,nn,1,1
163,ssn,0,1
163,ss_link,0,1
163,nn,1,1
164,ssn,0,1
164,ss_link,0,1
164,nn,1,1
165,ssn,0,1
165,ss_link,0,1
165,nn,1,1
166,ssn,0,1
166,ss_link,0,1
166,nn,1,1
169,ssn,0,1
169,ss_link,0,1
169,nn,1,1
170,ssn,0,1
170,ss_link,0,1
170,nn,1,1
177,ssn,0,1
177,ss_link,0,1
177,nn,1,1
179,ssn,0,1
179,ss_link,0,1
179,nn,1,1
181,ssn,0,1
181,ss_link,0,1
181,nn,1,1
189,ssn,0,1
189,ss_link,0,1
189,nn,1,1
0,ssn,0.05333333333333334,10
0,ss_link,0,10
0,nn,0.9466666666666667,10
2,ssn,0.5,10
2,ss_link,0,10
2,nn,0.5,10
3,ssn,0.05128205128205128,10
3,ss_link,0.15384615384615385,10
3,nn,0.8205128205128205,10
4,ssn,0.1111111111111111,10
4,ss_link,0.15555555555555556,10
4,nn,0.9222222222222223,10
5,ssn,0.0425531914893617,10
5,ss_link,0.16312056737588654,10
5,nn,1.1418439716312057,10
6,ssn,0.06134969325153374,10
6,ss_link,0.10429447852760736,10
6,nn,1.1533742331288344,10
7,ssn,0.047619047619047616,10
7,ss_link,0.2222222222222222,10
7,nn,0.9841269841269841,10
8,ssn,0.07258064516129033,10
8,ss_link,0.27419354838709675,10
8,nn,1.0403225806451613,10
9,ssn,0.03007518796992481,10
9,ss_link,0.21052631578947367,10
9,nn,1.2781954887218046,10
10,ssn,0.060240963855421686,10
10,ss_link,0.25301204819277107,10
10,nn,1.319277108433735,10
11,ssn,0.061855670103092786,10
11,ss_link,0.22164948453608246,10
11,nn,1.6546391752577319,10
12,ssn,0.06735751295336788,10
12,ss_link,0.16580310880829016,10
12,nn,1.6373056994818653,10
13,ssn,0.023923444976076555,10
13,ss_link,0.2535885167464115,10
13,nn,1.5837320574162679,10
14,ssn,0.10185185185185185,10
14,ss_link,0.19907407407407407,10
14,nn,1.5555555555555556,10
15,ssn,0.046511627906976744,10
15,ss_link,0.14883720930232558,10
15,nn,1.9906976744186047,10
16,ssn,0.08196721311475409,10
16,ss_link,0.29098360655737704,10
16,nn,2.110655737704918,10
17,ssn,0.076,10
17,ss_link,0.236,10
17,nn,2.352,10
18,ssn,0.07058823529411765,10
18,ss_link,0.28627450980392155,10
18,nn,2.549019607843137,10
19,ssn,0.09523809523809523,10
19,ss_link,0.3076923076923077,10
19,nn,2.7142857142857144,10
20,ssn,0.10989010989010989,10
20,ss_link,0.2783882783882784,10
20,nn,2.8095238095238093,10
21,ssn,0.08823529411764706,10
21,ss_link,0.3713235294117647,10
21,nn,3.3161764705882355,10
22,ssn,0.0912280701754386,10
22,ss_link,0.43859649122807015,10
22,nn,3.6666666666666665,10
23,ssn,0.09824561403508772,10
23,ss_link,0.41754385964912283,10
23,nn,4.364912280701755,10
24,ssn,0.14334470989761092,10
24,ss_link,0.4334470989761092,10
24,nn,4.494880546075085,10
25,ssn,0.14383561643835616,10
25,ss_link,0.5308219178082192,10
25,nn,4.928082191780822,10
26,ssn,0.18213058419243985,10
26,ss_link,0.5189003436426117,10
26,nn,5.707903780068729,10
27,ssn,0.21476510067114093,10
27,ss_link,0.5134228187919463,10
27,nn,6.275167785234899,10
28,ssn,0.27364864864864863,10
28,ss_link,0.597972972972973,10
28,nn,7.054054054054054,10
29,ssn,0.2702702702702703,10
29,ss_link,0.7635135135135135,10
29,nn,8.216216216216216,10
30,ssn,0.25666666666666665,10
30,ss_link,0.8066666666666666,10
30,nn,8.766666666666667,10
31,ssn,0.3288590604026846,10
31,ss_link,0.9899328859060402,10
31,nn,9.869127516778523,10
32,ssn,0.32666666666666666,10
32,ss_link,1.0833333333333333,10
32,nn,11.283333333333333,10
33,ssn,0.3411371237458194,10
33,ss_link,1.3411371237458194,10
33,nn,12.735785953177258,10
34,ssn,0.4866666666666667,10
34,ss_link,1.4433333333333334,10
34,nn,13.836666666666666,10
35,ssn,0.47157190635451507,10
35,ss_link,1.6321070234113713,10
35,nn,15.866220735785953,10
36,ssn,0.5233333333333333,10
36,ss_link,1.8933333333333333,10
36,nn,17.6,10
37,ssn,0.6166666666666667,10
37,ss_link,1.9533333333333334,10
37,nn,19.866666666666667,10
38,ssn,0.8033333333333333,10
38,ss_link,2.0433333333333334,10
38,nn,22.266666666666666,10
39,ssn,0.8366666666666667,10
39,ss_link,2.4433333333333334,10
39,nn,25.66,10
40,ssn,0.98,10
40,ss_link,2.6033333333333335,10
40,nn,28.28,10
41,ssn,1.07,10
41,ss_link,3.276666666666667,10
41,nn,31.41,10
42,ssn,1.1,10
42,ss_link,3.5566666666666666,10
42,nn,34.876666666666665,10
43,ssn,1.2866666666666666,10
43,ss_link,4.026666666666666,10
43,nn,39.61333333333334,10
44,ssn,1.38,10
44,ss_link,4.84,10
44,nn,44.766666666666666,10
45,ssn,1.53,10
45,ss_link,5.333333333333333,10
45,nn,50.25666666666667,10
46,ssn,1.8366666666666667,10
46,ss_link,5.966666666666667,10
46,nn,56.04,10
47,ssn,2.1,10
47,ss_link,6.583333333333333,10
47,nn,62.66,10
48,ssn,2.236666666666667,10
48,ss_link,7.32,10
48,nn,70.43333333333334,10
49,ssn,2.5233333333333334,10
49,ss_link,8.446666666666667,10
49,nn,79.18666666666667,10
50,ssn,2.9,10
50,ss_link,9.246666666666666,10
50,nn,89.22333333333333,10
51,ssn,3.12,10
51,ss_link,10.13,10
51,nn,100.52333333333333,10
52,ssn,3.3066666666666666,10
52,ss_link,11.116666666666667,10
52,nn,112.46666666666667,10
53,ssn,3.87,10
53,ss_link,12.706666666666667,10
53,nn,126.20333333333333,10
54,ssn,4.47,10
54,ss_link,14.673333333333334,10
54,nn,141.83666666666667,10
55,ssn,4.92,10
55,ss_link,15.976666666666667,10
55,nn,159.93,10
56,ssn,5.556666666666667,10
56,ss_link,17.876666666666665,10
56,nn,178.35333333333332,10
57,ssn,6.28,10
57,ss_link,19.55666666666667,10
57,nn,201,10
58,ssn,6.923333333333333,10
58,ss_link,21.866666666666667,10
58,nn,224.31333333333333,10
59,ssn,7.876666666666667,10
59,ss_link,24.966666666666665,10
59,nn,252.73,10
60,ssn,0.013333333333333334,10
60,ss_link,28.74,10
60,nn,290.45666666666665,10
61,ssn,0.02,10
61,ss_link,32.266666666666666,10
61,nn,327.3833333333333,10
62,ssn,0.013333333333333334,10
62,ss_link,35.75,10
62,nn,366.07666666666665,10
63,ssn,0.02,10
63,ss_link,38.45666666666666,10
63,nn,394.8466666666667,10
64,ssn,0.01,10
64,ss_link,36.17,10
64,nn,393.06666666666666,10
65,ssn,0.013333333333333334,10
65,ss_link,28.703333333333333,10
65,nn,351.22333333333336,10
66,ssn,0.01,10
66,ss_link,18.553333333333335,10
66,nn,294.5966666666667,10
67,ssn,0.01,10
67,ss_link,10.2,10
67,nn,250.51333333333332,10
68,ssn,0.006666666666666667,10
68,ss_link,5.04,10
68,nn,225.99333333333334,10
69,ssn,0.006666666666666667,10
69,ss_link,2.0633333333333335,10
69,nn,211.60333333333332,10
70,ssn,0.013333333333333334,10
70,ss_link,0.83,10
70,nn,198.63,10
71,ssn,0.013333333333333334,10
71,ss_link,0.36,10
71,nn,183.21666666666667,10
72,ssn,0.01,10
72,ss_link,0.15666666666666668,10
72,nn,160.74666666666667,10
73,ssn,0.013333333333333334,10
73,ss_link,0.07,10
73,nn,144.44666666666666,10
74,ssn,0.006666666666666667,10
74,ss_link,0.07,10
74,nn,126.8,10
75,ssn,0,10
75,ss_link,0.06333333333333334,10
75,nn,114.99666666666667,10
76,ssn,0.006666666666666667,10
76,ss_link,0.043333333333333335,10
76,nn,102.82,10
77,ssn,0,10
77,ss_link,0.08666666666666667,10
77,nn,92.32,10
78,ssn,0,10
78,ss_link,0.09666666666666666,10
78,nn,83.23,10
79,ssn,0.0033333333333333335,10
79,ss_link,0.05333333333333334,10
79,nn,75.38333333333334,10
80,ssn,0,10
80,ss_link,0.04666666666666667,10
80,nn,67.16666666666667,10
81,ssn,0.01,10
81,ss_link,0.02666666666666667,10
81,nn,59.83,10
82,ssn,0,10
82,ss_link,0.01,10
82,nn,54.446666666666665,10
83,ssn,0,10
83,ss_link,0.013333333333333334,10
83,nn,48.093333333333334,10
84,ssn,0,10
84,ss_link,0.023333333333333334,10
84,nn,43.123333333333335,10
85,ssn,0,10
85,ss_link,0.0033333333333333335,10
85,nn,39.486666666666665,10
86,ssn,0,10
86,ss_link,0.016666666666666666,10
86,nn,35.03666666666667,10
87,ssn,0.0033333333333333335,10
87,ss_link,0.013333333333333334,10
87,nn,31.466666666666665,10
88,ssn,0.0033333333333333335,10
88,ss_link,0.006666666666666667,10
88,nn,28.196666666666665,10
89,ssn,0,10
89,ss_link,0.016666666666666666,10
89,nn,25.736666666666668,10
90,ssn,0.006666666666666667,10
90,ss_link,0.016666666666666666,10
90,nn,23.156666666666666,10
91,ssn,0.0033333333333333335,10
91,ss_link,0.006666666666666667,10
91,nn,20.176666666666666,10
92,ssn,0,10
92,ss_link,0.01,10
92,nn,18.266666666666666,10
93,ssn,0.006666666666666667,10
93,ss_link,0.01,10
93,nn,16.446666666666665,10
94,ssn,0,10
94,ss_link,0.01,10
94,nn,15.393333333333333,10
95,ssn,0,10
95,ss_link,0.006688963210702341,10
95,nn,13.575250836120402,10
96,ssn,0,10
96,ss_link,0.016666666666666666,10
96,nn,11.983333333333333,10
97,ssn,0,10
97,ss_link,0.016666666666666666,10
97,nn,10.553333333333333,10
98,ssn,0,10
98,ss_link,0.02666666666666667,10
98,nn,9.316666666666666,10
99,ssn,0,10
99,ss_link,0.016722408026755852,10
99,nn,8.45819397993311,10
100,ssn,0.003401360544217687,10
100,ss_link,0.006802721088435374,10
100,nn,7.653061224489796,10
101,ssn,0,10
101,ss_link,0.003436426116838488,10
101,nn,7.223367697594502,10
102,ssn,0,10
102,ss_link,0.006944444444444444,10
102,nn,6.638888888888889,10
103,ssn,0.003401360544217687,10
103,ss_link,0,10
103,nn,5.704081632653061,10
104,ssn,0,10
104,ss_link,0.0034602076124567475,10
104,nn,5.034602076124568,10
105,ssn,0,10
105,ss_link,0.007067137809187279,10
105,nn,4.80565371024735,10
106,ssn,0,10
106,ss_link,0.014545454545454545,10
106,nn,4.116363636363636,10
107,ssn,0,10
107,ss_link,0,10
107,nn,4.010948905109489,10
108,ssn,0,10
108,ss_link,0.007575757575757576,10
108,nn,3.492424242424242,10
109,ssn,0,10
109,ss_link,0.011538461538461539,10
109,nn,3.4653846153846155,10
110,ssn,0,10
110,ss_link,0.00390625,10
110,nn,3.05859375,10
111,ssn,0,10
111,ss_link,0,10
111,nn,2.819742489270386,10
112,ssn,0.004201680672268907,10
112,ss_link,0,10
112,nn,2.53781512605042,10
113,ssn,0,10
113,ss_link,0,10
113,nn,2.3181818181818183,10
114,ssn,0,10
114,ss_link,0,10
114,nn,2.327433628318584,10
115,ssn,0,10
115,ss_link,0,10
115,nn,2.0588235294117645,10
116,ssn,0,10
116,ss_link,0,10
116,nn,1.92,10
117,ssn,0,10
117,ss_link,0.010810810810810811,10
117,nn,1.9297297297297298,10
118,ssn,0,10
118,ss_link,0.0106951871657754,10
118,nn,1.7219251336898396,10
119,ssn,0,10
119,ss_link,0.005988023952095809,10
119,nn,1.748502994011976,10
120,ssn,0,10
120,ss_link,0.006211180124223602,10
120,nn,1.5962732919254659,10
121,ssn,0,10
121,ss_link,0,10
121,nn,1.525925925925926,10
122,ssn,0,10
122,ss_link,0,10
122,nn,1.5873015873015872,10
123,ssn,0,10
123,ss_link,0,10
123,nn,1.5847457627118644,10
124,ssn,0,10
124,ss_link,0,10
124,nn,1.5142857142857142,10
125,ssn,0,10
125,ss_link,0,10
125,nn,1.435897435897436,10
126,ssn,0,10
126,ss_link,0,10
126,nn,1.1782178217821782,10
127,ssn,0,10
127,ss_link,0,10
127,nn,1.3655913978494623,10
128,ssn,0,10
128,ss_link,0,10
128,nn,1.2696629213483146,10
129,ssn,0,10
129,ss_link,0,10
129,nn,1.2727272727272727,10
130,ssn,0,10
130,ss_link,0,10
130,nn,1.2820512820512822,10
131,ssn,0,10
131,ss_link,0,10
131,nn,1.2112676056338028,10
132,ssn,0,10
132,ss_link,0,10
132,nn,1.2127659574468086,10
133,ssn,0,10
133,ss_link,0,10
133,nn,1.2307692307692308,10
134,ssn,0,10
134,ss_link,0,10
134,nn,1.08,10
135,ssn,0,10
135,ss_link,0,10
135,nn,1.0869565217391304,10
136,ssn,0,10
136,ss_link,0,10
136,nn,1.28125,10
137,ssn,0,10
137,ss_link,0,10
137,nn,1.2142857142857142,10
138,ssn,0,10
138,ss_link,0,10
138,nn,1.28125,10
139,ssn,0,10
139,ss_link,0,10
139,nn,1.1071428571428572,10
140,ssn,0,10
140,ss_link,0,10
140,nn,1,10
141,ssn,0,10
141,ss_link,0,10
141,nn,1.2608695652173914,10
142,ssn,0,10
142,ss_link,0,10
142,nn,1.0909090909090908,10
143,ssn,0,10
143,ss_link,0,10
143,nn,1.2352941176470589,10
144,ssn,0,10
144,ss_link,0,10
144,nn,1.2,10
145,ssn,0,10
145,ss_link,0,10
145,nn,1,10
146,ssn,0,10
146,ss_link,0,10
146,nn,1.0833333333333333,10
147,ssn,0,10
147,ss_link,0,10
147,nn,1.0833333333333333,10
148,ssn,0,10
148,ss_link,0,10
148,nn,1.25,10
149,ssn,0,10
149,ss_link,0,10
149,nn,1.1538461538461537,10
150,ssn,0,10
150,ss_link,0,10
150,nn,1,10
151,ssn,0,10
151,ss_link,0,10
151,nn,1.1666666666666667,10
152,ssn,0,10
152,ss_link,0,10
152,nn,1,10
153,ssn,0,10
153,ss_link,0,10
153,nn,1,10
154,ssn,0,10
154,ss_link,0,10
154,nn,1,10
155,ssn,0,10
155,ss_link,0,10
155,nn,1,10
156,ssn,0,10
156,ss_link,0,10
156,nn,1.3333333333333333,10
157,ssn,0,10
157,ss_link,0,10
157,nn,1,10
158,ssn,0,10
158,ss_link,0,10
158,nn,1.2,10
159,ssn,0,10
159,ss_link,0,10
159,nn,1,10
160,ssn,0,10
160,ss_link,0,10
160,nn,1.3333333333333333,10
161,ssn,0,10
161,ss_link,0,10
161,nn,1,10
162,ssn,0,10
162,ss_link,0,10
162,nn,1,10
163,ssn,0,10
163,ss_link,0,10
163,nn,1,10
164,ssn,0,10
164,ss_link,0,10
164,nn,1,10
165,ssn,0,10
165,ss_link,0,10
165,nn,1,10
166,ssn,0,10
166,ss_link,0,10
166,nn,1,10
167,ssn,0,10
167,ss_link,0,10
167,nn,1,10
170,ssn,0,10
170,ss_link,0,10
170,nn,1,10
171,ssn,0,10
171,ss_link,0,10
171,nn,1,10
173,ssn,0,10
173,ss_link,0,10
173,nn,1,10
177,ssn,0,10
177,ss_link,0,10
177,nn,1,10
180,ssn,0,10
180,ss_link,0,10
180,nn,1,10
185,ssn,0,10
185,ss_link,0,10
185,nn,1,10
190,ssn,0,10
190,ss_link,0,10
190,nn,1,10
195,ssn,0,10
195,ss_link,0,10
195,nn,1,10
0,ssn,0.03666666666666667,100
0,ss_link,0,100
0,nn,0.9633333333333334,100
2,ssn,0,100
2,ss_link,0,100
2,nn,1,100
3,ssn,0,100
3,ss_link,0.07142857142857142,100
3,nn,0.9642857142857143,100
4,ssn,0.031914893617021274,100
4,ss_link,0.1276595744680851,100
4,nn,0.9787234042553191,100
5,ssn,0.039473684210526314,100
5,ss_link,0.09868421052631579,100
5,nn,1.1710526315789473,100
6,ssn,0.023809523809523808,100
6,ss_link,0.10119047619047619,100
6,nn,1.1428571428571428,100
7,ssn,0.022388059701492536,100
7,ss_link,0.05970149253731343,100
7,nn,1.164179104477612,100
8,ssn,0.024793388429752067,100
8,ss_link,0.08264462809917356,100
8,nn,1.1570247933884297,100
9,ssn,0.007142857142857143,100
9,ss_link,0.07142857142857142,100
9,nn,1.3071428571428572,100
10,ssn,0.011976047904191617,100
10,ss_link,0.11377245508982035,100
10,nn,1.4970059880239521,100
11,ssn,0.044444444444444446,100
11,ss_link,0.15,100
11,nn,1.4555555555555555,100
12,ssn,0.09313725490196079,100
12,ss_link,0.08333333333333333,100
12,nn,1.696078431372549,100
13,ssn,0.05263157894736842,100
13,ss_link,0.08133971291866028,100
13,nn,1.8181818181818181,100
14,ssn,0.018779342723004695,100
14,ss_link,0.11737089201877934,100
14,nn,1.8169014084507042,100
15,ssn,0.04090909090909091,100
15,ss_link,0.1,100
15,nn,1.981818181818182,100
16,ssn,0.04819277108433735,100
16,ss_link,0.1686746987951807,100
16,nn,1.9437751004016064,100
17,ssn,0.04365079365079365,100
17,ss_link,0.1984126984126984,100
17,nn,2.253968253968254,100
18,ssn,0.046875,100
18,ss_link,0.22265625,100
18,nn,2.51953125,100
19,ssn,0.023255813953488372,100
19,ss_link,0.24806201550387597,100
19,nn,2.7674418604651163,100
20,ssn,0.05904059040590406,100
20,ss_link,0.2066420664206642,100
20,nn,3.047970479704797,100
21,ssn,0.050359712230215826,100
21,ss_link,0.22661870503597123,100
21,nn,3.197841726618705,100
22,ssn,0.056338028169014086,100
22,ss_link,0.2147887323943662,100
22,nn,3.630281690140845,100
23,ssn,0.059233449477351915,100
23,ss_link,0.21951219512195122,100
23,nn,4.2613240418118465,100
24,ssn,0.09310344827586207,100
24,ss_link,0.23103448275862068,100
24,nn,4.496551724137931,100
25,ssn,0.10652920962199312,100
25,ss_link,0.2508591065292096,100
25,nn,5.123711340206185,100
26,ssn,0.11824324324324324,100
26,ss_link,0.2533783783783784,100
26,nn,5.800675675675675,100
27,ssn,0.1152542372881356,100
27,ss_link,0.31864406779661014,100
27,nn,6.352542372881356,100
28,ssn,0.12837837837837837,100
28,ss_link,0.30743243243243246,100
28,nn,6.905405405405405,100
29,ssn,0.11447811447811448,100
29,ss_link,0.43097643097643096,100
29,nn,7.858585858585859,100
30,ssn,0.15719063545150502,100
30,ss_link,0.5752508361204013,100
30,nn,8.919732441471572,100
31,ssn,0.22333333333333333,100
31,ss_link,0.6366666666666667,100
31,nn,9.88,100
32,ssn,0.20666666666666667,100
32,ss_link,0.66,100
32,nn,10.963333333333333,100
33,ssn,0.19666666666666666,100
33,ss_link,0.7366666666666667,100
33,nn,12.433333333333334,100
34,ssn,0.3,100
34,ss_link,0.7,100
34,nn,14.233333333333333,100
35,ssn,0.2733333333333333,100
35,ss_link,0.89,100
35,nn,15.526666666666667,100
36,ssn,0.2833333333333333,100
36,ss_link,0.9633333333333334,100
36,nn,17.65,100
37,ssn,0.36,100
37,ss_link,1.2133333333333334,100
37,nn,19.463333333333335,100
38,ssn,0.47,100
38,ss_link,1.2933333333333332,100
38,nn,22.03,100
39,ssn,0.48,100
39,ss_link,1.3733333333333333,100
39,nn,24.86,100
40,ssn,0.5233333333333333,100
40,ss_link,1.65,100
40,nn,28.14,100
41,ssn,0.62,100
41,ss_link,1.7066666666666668,100
41,nn,31.023333333333333,100
42,ssn,0.6666666666666666,100
42,ss_link,2.0866666666666664,100
42,nn,34.50333333333333,100
43,ssn,0.7566666666666667,100
43,ss_link,2.18,100
43,nn,39.52333333333333,100
44,ssn,0.7333333333333333,100
44,ss_link,2.74,100
44,nn,43.943333333333335,100
45,ssn,0.96,100
45,ss_link,2.8733333333333335,100
45,nn,49.343333333333334,100
46,ssn,1.1533333333333333,100
46,ss_link,3.2333333333333334,100
46,nn,55.68333333333333,100
47,ssn,1.13,100
47,ss_link,3.966666666666667,100
47,nn,61.843333333333334,100
48,ssn,1.33,100
48,ss_link,4.136666666666667,100
48,nn,69.56333333333333,100
49,ssn,1.52,100
49,ss_link,4.696666666666666,100
49,nn,78.26666666666667,100
50,ssn,1.4866666666666666,100
50,ss_link,5.206666666666667,100
50,nn,87.46,100
51,ssn,1.82,100
51,ss_link,5.91,100
51,nn,97.47666666666667,100
52,ssn,2.1433333333333335,100
52,ss_link,6.71,100
52,nn,109.53333333333333,100
53,ssn,2.526666666666667,100
53,ss_link,7.406666666666666,100
53,nn,124.55666666666667,100
54,ssn,2.6766666666666667,100
54,ss_link,7.906666666666666,100
54,nn,137.72666666666666,100
55,ssn,2.96,100
55,ss_link,9.04,100
55,nn,154.29666666666665,100
56,ssn,3.2266666666666666,100
56,ss_link,10.02,100
56,nn,174.21333333333334,100
57,ssn,3.763333333333333,100
57,ss_link,11.626666666666667,100
57,nn,194.15333333333334,100
58,ssn,4.19,100
58,ss_link,13.446666666666667,100
58,nn,219.26,100
59,ssn,4.616666666666666,100
59,ss_link,15.06,100
59,nn,245.38666666666666,100
60,ssn,0.0033333333333333335,100
60,ss_link,17.26,100
60,nn,280.23333333333335,100
61,ssn,0,100
61,ss_link,19.12,100
61,nn,313.86333333333334,100
62,ssn,0,100
62,ss_link,20.97,100
62,nn,352.18666666666667,100
63,ssn,0.006666666666666667,100
63,ss_link,22.28,100
63,nn,382.1333333333333,100
64,ssn,0,100
64,ss_link,20.75,100
64,nn,376.53333333333336,100
65,ssn,0,100
65,ss_link,15.773333333333333,100
65,nn,334.1066666666667,100
66,ssn,0.006666666666666667,100
66,ss_link,10.753333333333334,100
66,nn,279.72333333333336,100
67,ssn,0.006666666666666667,100
67,ss_link,6.053333333333334,100
67,nn,234.68333333333334,100
68,ssn,0,100
68,ss_link,2.74,100
68,nn,209.70333333333335,100
69,ssn,0.006666666666666667,100
69,ss_link,1.13,100
69,nn,196.63333333333333,100
70,ssn,0,100
70,ss_link,0.44333333333333336,100
70,nn,183.99,100
71,ssn,0,100
71,ss_link,0.15333333333333332,100
71,nn,169.14666666666668,100
72,ssn,0.01,100
72,ss_link,0.07666666666666666,100
72,nn,150.06,100
73,ssn,0.013333333333333334,100
73,ss_link,0.03333333333333333,100
73,nn,131.3,100
74,ssn,0,100
74,ss_link,0.023333333333333334,100
74,nn,117.14666666666666,100
75,ssn,0,100
75,ss_link,0.02666666666666667,100
75,nn,106.10333333333334,100
76,ssn,0,100
76,ss_link,0.016666666666666666,100
76,nn,95.09,100
77,ssn,0.0033333333333333335,100
77,ss_link,0.02,100
77,nn,86.1,100
78,ssn,0,100
78,ss_link,0.02666666666666667,100
78,nn,76.98333333333333,100
79,ssn,0.0033333333333333335,100
79,ss_link,0.03666666666666667,100
79,nn,68.78,100
80,ssn,0,100
80,ss_link,0.03,100
80,nn,61.43666666666667,100
81,ssn,0,100
81,ss_link,0.03,100
81,nn,55.39333333333333,100
82,ssn,0.0033333333333333335,100
82,ss_link,0,100
82,nn,49.5,100
83,ssn,0,100
83,ss_link,0.0033333333333333335,100
83,nn,44.653333333333336,100
84,ssn,0,100
84,ss_link,0.01,100
84,nn,40.18,100
85,ssn,0,100
85,ss_link,0.0033333333333333335,100
85,nn,35.416666666666664,100
86,ssn,0,100
86,ss_link,0.006666666666666667,100
86,nn,32.13333333333333,100
87,ssn,0,100
87,ss_link,0,100
87,nn,28.576666666666668,100
88,ssn,0,100
88,ss_link,0.016666666666666666,100
88,nn,25.506666666666668,100
89,ssn,0,100
89,ss_link,0.0033333333333333335,100
89,nn,23.006666666666668,100
90,ssn,0,100
90,ss_link,0.0033333333333333335,100
90,nn,20.636666666666667,100
91,ssn,0.0033333333333333335,100
91,ss_link,0.0033333333333333335,100
91,nn,18.9,100
92,ssn,0,100
92,ss_link,0,100
92,nn,16.926666666666666,100
93,ssn,0,100
93,ss_link,0,100
93,nn,14.846666666666666,100
94,ssn,0,100
94,ss_link,0,100
94,nn,13.24,100
95,ssn,0,100
95,ss_link,0,100
95,nn,11.976588628762542,100
96,ssn,0,100
96,ss_link,0.0033444816053511705,100
96,nn,10.705685618729097,100
97,ssn,0,100
97,ss_link,0.006688963210702341,100
97,nn,9.77257525083612,100
98,ssn,0,100
98,ss_link,0.006734006734006734,100
98,nn,8.804713804713804,100
99,ssn,0,100
99,ss_link,0.003424657534246575,100
99,nn,8.051369863013699,100
100,ssn,0,100
100,ss_link,0,100
100,nn,7.132203389830509,100
101,ssn,0,100
101,ss_link,0,100
101,nn,6.285714285714286,100
102,ssn,0,100
102,ss_link,0,100
102,nn,5.516891891891892,100
103,ssn,0,100
103,ss_link,0,100
103,nn,5.219178082191781,100
104,ssn,0,100
104,ss_link,0,100
104,nn,4.946043165467626,100
105,ssn,0,100
105,ss_link,0,100
105,nn,4.325174825174825,100
106,ssn,0,100
106,ss_link,0,100
106,nn,4.062730627306273,100
107,ssn,0,100
107,ss_link,0,100
107,nn,3.6642066420664205,100
108,ssn,0,100
108,ss_link,0,100
108,nn,3.349264705882353,100
109,ssn,0,100
109,ss_link,0,100
109,nn,3.376984126984127,100
110,ssn,0,100
110,ss_link,0,100
110,nn,2.911290322580645,100
111,ssn,0,100
111,ss_link,0,100
111,nn,2.5220883534136544,100
112,ssn,0,100
112,ss_link,0,100
112,nn,2.5242290748898677,100
113,ssn,0,100
113,ss_link,0,100
113,nn,2.2589285714285716,100
114,ssn,0,100
114,ss_link,0,100
114,nn,2.046082949308756,100
115,ssn,0,100
115,ss_link,0,100
115,nn,2.129353233830846,100
116,ssn,0,100
116,ss_link,0,100
116,nn,1.9742268041237114,100
117,ssn,0,100
117,ss_link,0,100
117,nn,1.9728260869565217,100
118,ssn,0,100
118,ss_link,0,100
118,nn,1.7727272727272727,100
119,ssn,0,100
119,ss_link,0,100
119,nn,1.579268292682927,100
120,ssn,0,100
120,ss_link,0,100
120,nn,1.6619718309859155,100
121,ssn,0,100
121,ss_link,0,100
121,nn,1.6363636363636365,100
122,ssn,0,100
122,ss_link,0,100
122,nn,1.5772357723577235,100
123,ssn,0,100
123,ss_link,0,100
123,nn,1.4126984126984128,100
124,ssn,0,100
124,ss_link,0,100
124,nn,1.4661016949152543,100
125,ssn,0,100
125,ss_link,0,100
125,nn,1.4545454545454546,100
126,ssn,0,100
126,ss_link,0,100
126,nn,1.4456521739130435,100
127,ssn,0,100
127,ss_link,0,100
127,nn,1.3406593406593406,100
128,ssn,0,100
128,ss_link,0,100
128,nn,1.35,100
129,ssn,0,100
129,ss_link,0,100
129,nn,1.25,100
130,ssn,0,100
130,ss_link,0,100
130,nn,1.1898734177215189,100
131,ssn,0,100
131,ss_link,0,100
131,nn,1.234375,100
132,ssn,0,100
132,ss_link,0,100
132,nn,1.2553191489361701,100
133,ssn,0,100
133,ss_link,0,100
133,nn,1.2692307692307692,100
134,ssn,0,100
134,ss_link,0,100
134,nn,1.0952380952380953,100
135,ssn,0,100
135,ss_link,0,100
135,nn,1.0740740740740742,100
136,ssn,0,100
136,ss_link,0,100
136,nn,1.0810810810810811,100
137,ssn,0,100
137,ss_link,0,100
137,nn,1.1935483870967742,100
138,ssn,0,100
138,ss_link,0,100
138,nn,1.0625,100
139,ssn,0,100
139,ss_link,0,100
139,nn,1.173913043478261,100
140,ssn,0,100
140,ss_link,0,100
140,nn,1.0333333333333334,100
141,ssn,0,100
141,ss_link,0,100
141,nn,1.0555555555555556,100
142,ssn,0,100
142,ss_link,0,100
142,nn,1.0952380952380953,100
143,ssn,0,100
143,ss_link,0,100
143,nn,1.0769230769230769,100
144,ssn,0,100
144,ss_link,0,100
144,nn,1,100
145,ssn,0,100
145,ss_link,0,100
145,nn,1.0625,100
146,ssn,0,100
146,ss_link,0,100
146,nn,1,100
147,ssn,0,100
147,ss_link,0,100
147,nn,1,100
148,ssn,0,100
148,ss_link,0,100
148,nn,1.125,100
149,ssn,0,100
149,ss_link,0,100
149,nn,1,100
150,ssn,0,100
150,ss_link,0,100
150,nn,1.1666666666666667,100
151,ssn,0,100
151,ss_link,0,100
151,nn,1.125,100
152,ssn,0,100
152,ss_link,0,100
152,nn,1,100
153,ssn,0,100
153,ss_link,0,100
153,nn,1,100
154,ssn,0,100
154,ss_link,0,100
154,nn,1,100
155,ssn,0,100
155,ss_link,0,100
155,nn,1,100
156,ssn,0,100
156,ss_link,0,100
156,nn,1,100
157,ssn,0,100
157,ss_link,0,100
157,nn,1,100
158,ssn,0,100
158,ss_link,0,100
158,nn,1,100
159,ssn,0,100
159,ss_link,0,100
159,nn,1,100
160,ssn,0,100
160,ss_link,0,100
160,nn,1,100
161,ssn,0,100
161,ss_link,0,100
161,nn,1,100
162,ssn,0,100
162,ss_link,0,100
162,nn,1,100
164,ssn,0,100
164,ss_link,0,100
164,nn,1,100
166,ssn,0,100
166,ss_link,0,100
166,nn,1,100
167,ssn,0,100
167,ss_link,0,100
167,nn,1,100
168,ssn,0,100
168,ss_link,0,100
168,nn,1,100
171,ssn,0,100
171,ss_link,0,100
171,nn,1,100
