t,method,rt,rt_lower,rt_upper,period
2020-01-23,EpiNow2,1.9827583541693987,1.6872007422051891,2.317548706442258,COVID Wave 1
2020-01-24,EpiNow2,1.9590447646478897,1.6848506157035734,2.271860540178697,COVID Wave 1
2020-01-25,EpiNow2,1.919614064265366,1.6424961311860926,2.265152087788972,COVID Wave 1
2020-01-26,EpiNow2,1.8697563653803024,1.5815691079531191,2.246301187115297,COVID Wave 1
2020-01-27,EpiNow2,1.8124197678135023,1.508476119756513,2.204872087562531,COVID Wave 1
2020-01-28,EpiNow2,1.7480576296583026,1.4314147982768504,2.1523553224499463,COVID Wave 1
2020-01-29,EpiNow2,1.6693665224404717,1.3540436380673055,2.061428066293175,COVID Wave 1
2020-01-30,EpiNow2,1.5771388262230637,1.2721855101888069,1.950762920433104,COVID Wave 1
2020-01-31,EpiNow2,1.4804460807724371,1.1970227474104942,1.827693409310145,COVID Wave 1
2020-02-01,EpiNow2,1.3860228543504838,1.129703182269655,1.7105094133366148,COVID Wave 1
2020-02-02,EpiNow2,1.2968754824170443,1.060222388833581,1.5775874358079958,COVID Wave 1
2020-02-03,EpiNow2,1.2103517760501927,0.9880116424947524,1.472332635294363,COVID Wave 1
2020-02-04,EpiNow2,1.1331919296576918,0.9255184310820838,1.3658579535457658,COVID Wave 1
2020-02-05,EpiNow2,1.0622237570623172,0.8679460187862342,1.27427748639462,COVID Wave 1
2020-02-06,EpiNow2,0.998913106179756,0.8186297356863761,1.1980614811304402,COVID Wave 1
2020-02-07,EpiNow2,0.942140347411731,0.7705312289400312,1.13801679800322,COVID Wave 1
2020-02-08,EpiNow2,0.8995313546103133,0.7358612056402565,1.0893038562113164,COVID Wave 1
2020-02-09,EpiNow2,0.865057439995837,0.7023121149690066,1.0448541662435815,COVID Wave 1
2020-02-10,EpiNow2,0.8360601832404069,0.672599625091079,1.0119384066431327,COVID Wave 1
2020-02-11,EpiNow2,0.8139711804735656,0.6539191782935154,0.9847911328724293,COVID Wave 1
2020-02-12,EpiNow2,0.794623852169426,0.6377401098681925,0.974277483743766,COVID Wave 1
2020-02-13,EpiNow2,0.7825887770690639,0.629752875847951,0.9612458671894246,COVID Wave 1
2020-02-14,EpiNow2,0.7722173273725946,0.6164809451197468,0.9563822273633688,COVID Wave 1
2020-02-15,EpiNow2,0.7670423675877314,0.6107189198227672,0.9523594604588383,COVID Wave 1
2020-02-16,EpiNow2,0.7616516947927633,0.6071105617236976,0.9538611175440498,COVID Wave 1
2020-02-17,EpiNow2,0.7561145859712763,0.6076584023221776,0.951433836812982,COVID Wave 1
2020-02-18,EpiNow2,0.7564794486844917,0.6056429443980683,0.9527169350210178,COVID Wave 1
2020-02-19,EpiNow2,0.7581594702160792,0.6024979693053465,0.9555440268657514,COVID Wave 1
2020-02-20,EpiNow2,0.7590923031265784,0.598100022301891,0.9577795924759,COVID Wave 1
2020-02-21,EpiNow2,0.7644325539267542,0.6075105629902027,0.9567993713538934,COVID Wave 1
2020-02-22,EpiNow2,0.7767440973515258,0.6130853851687669,0.9611275119944184,COVID Wave 1
2020-02-23,EpiNow2,0.7897285812391328,0.6242973169551485,0.9742407070152472,COVID Wave 1
2020-02-24,EpiNow2,0.8071272227949002,0.6405212133259879,0.990149662244896,COVID Wave 1
2020-02-25,EpiNow2,0.83378248279836,0.6610704738398936,1.0154569885313025,COVID Wave 1
2020-02-26,EpiNow2,0.868202114197859,0.6866741119505962,1.057379342668534,COVID Wave 1
2020-02-27,EpiNow2,0.9136777207871052,0.725472304529818,1.1065229899313294,COVID Wave 1
2020-02-28,EpiNow2,0.9697380358889218,0.7633443461343692,1.1753196942930608,COVID Wave 1
2020-02-29,EpiNow2,1.0394367251869885,0.8136287531720964,1.2471665690265197,COVID Wave 1
2020-03-01,EpiNow2,1.1194945473118865,0.8816869429444372,1.343481668255872,COVID Wave 1
2020-03-02,EpiNow2,1.2193788796226956,0.9722743480254912,1.4529999915741865,COVID Wave 1
2020-03-03,EpiNow2,1.3314390538384404,1.0750936912490323,1.5830713726515746,COVID Wave 1
2020-03-04,EpiNow2,1.454599035526478,1.2086368331101045,1.7275173205251226,COVID Wave 1
2020-03-05,EpiNow2,1.5911214344676847,1.347586728020651,1.8734069557912127,COVID Wave 1
2020-03-06,EpiNow2,1.7358369958507285,1.4736656970484578,2.02403840343812,COVID Wave 1
2020-03-07,EpiNow2,1.8763101393536832,1.618229631985128,2.1932279960807595,COVID Wave 1
2020-03-08,EpiNow2,2.006544286541982,1.737814122662673,2.343657881241366,COVID Wave 1
2020-03-09,EpiNow2,2.120399585965547,1.836630074722094,2.467011853656035,COVID Wave 1
2020-03-10,EpiNow2,2.2048191197579623,1.921589943819786,2.573484496429849,COVID Wave 1
2020-03-11,EpiNow2,2.250931936198734,1.959558471330999,2.639358071047002,COVID Wave 1
2020-03-12,EpiNow2,2.253733082024276,1.969678990498849,2.6408912603323356,COVID Wave 1
2020-03-13,EpiNow2,2.2089838122844707,1.9398048389437152,2.5735432943142773,COVID Wave 1
2020-03-14,EpiNow2,2.1327863684088246,1.8754570128123704,2.4778324497441684,COVID Wave 1
2020-03-15,EpiNow2,2.0197295852125685,1.7757666264078882,2.328926233832008,COVID Wave 1
2020-03-16,EpiNow2,1.8801239300605772,1.6636602336132105,2.145242571239424,COVID Wave 1
2020-03-17,EpiNow2,1.7262857072766993,1.532787532340527,1.9547856462664823,COVID Wave 1
2020-03-18,EpiNow2,1.5646391594607731,1.3915700923268548,1.7637485155644197,COVID Wave 1
2020-03-19,EpiNow2,1.4062428024082474,1.2455382459856508,1.5883114964338985,COVID Wave 1
2020-03-20,EpiNow2,1.2595163512946494,1.107016535881946,1.4238531426639824,COVID Wave 1
2020-03-21,EpiNow2,1.122855669715201,0.979976199278566,1.2705236665963295,COVID Wave 1
2020-03-22,EpiNow2,1.0012984779270515,0.8665619789415295,1.1426459792457608,COVID Wave 1
2020-03-23,EpiNow2,0.8923240272543105,0.7694148022484957,1.0285884077995486,COVID Wave 1
2020-03-24,EpiNow2,0.797802392389694,0.6848289342625871,0.9260846798517234,COVID Wave 1
2020-03-25,EpiNow2,0.7160499552339618,0.6109024990465759,0.8310244740799201,COVID Wave 1
2020-03-26,EpiNow2,0.6473355793786639,0.5463538986922478,0.7550847975271964,COVID Wave 1
2020-03-27,EpiNow2,0.589693986794771,0.4927244650529981,0.691895530373304,COVID Wave 1
2020-03-28,EpiNow2,0.5400648426379997,0.4471690085306089,0.6368015652203491,COVID Wave 1
2020-03-29,EpiNow2,0.49798316321826774,0.4068194635969424,0.5908740289316937,COVID Wave 1
2020-03-30,EpiNow2,0.46441734384530253,0.3767327495362116,0.5583724145237968,COVID Wave 1
2020-03-31,EpiNow2,0.4354251810735082,0.34897749229698566,0.5289644338079342,COVID Wave 1
2020-04-01,EpiNow2,0.41294720322032086,0.3265552400741226,0.5066755324461308,COVID Wave 1
2020-04-02,EpiNow2,0.39605728533391266,0.30889822102480846,0.48993849265142514,COVID Wave 1
2020-04-03,EpiNow2,0.38217123832936795,0.29492141449985854,0.47767715866066207,COVID Wave 1
2020-04-04,EpiNow2,0.3748522402742048,0.285284814234804,0.4692619226501598,COVID Wave 1
2020-04-05,EpiNow2,0.3699331665173185,0.2780778308730561,0.4675386351832058,COVID Wave 1
2020-04-06,EpiNow2,0.3684966376825539,0.27522950523617407,0.4683554372388559,COVID Wave 1
2020-04-07,EpiNow2,0.3717087667992376,0.2800656739226263,0.47598266931467,COVID Wave 1
2020-04-08,EpiNow2,0.3782367548002874,0.2842017312872676,0.4882165341730791,COVID Wave 1
2020-04-09,EpiNow2,0.3905736532213599,0.2882941291828681,0.5065001837514751,COVID Wave 1
2020-04-10,EpiNow2,0.40457397455441374,0.2996139810136683,0.5291551807090116,COVID Wave 1
2020-04-11,EpiNow2,0.42207416252072183,0.3135382044719791,0.5522236101685706,COVID Wave 1
2020-04-12,EpiNow2,0.44363327393746665,0.32797618923496824,0.5810296075756837,COVID Wave 1
2020-04-13,EpiNow2,0.4696174977118664,0.3467028629216412,0.615688872723539,COVID Wave 1
2020-04-14,EpiNow2,0.4968600357397326,0.3671758543987219,0.6491891432561601,COVID Wave 1
2020-06-25,EpiNow2,1.4344506681429348,1.2185934115410244,1.6389406700462383,COVID Wave 2
2020-06-26,EpiNow2,1.5051021390821675,1.2999399194599484,1.7242390271448278,COVID Wave 2
2020-06-27,EpiNow2,1.5759053819687716,1.3786757689470668,1.8089294424391424,COVID Wave 2
2020-06-28,EpiNow2,1.6430233724726246,1.450234134244352,1.903736576414081,COVID Wave 2
2020-06-29,EpiNow2,1.6986439713376176,1.5053051970457108,1.979340845693368,COVID Wave 2
2020-06-30,EpiNow2,1.7436023079764622,1.5418052634171666,2.0341239421131174,COVID Wave 2
2020-07-01,EpiNow2,1.7700416545578628,1.559155093647608,2.0585925400282736,COVID Wave 2
2020-07-02,EpiNow2,1.7696415718735898,1.5639848406377044,2.0427055228389563,COVID Wave 2
2020-07-03,EpiNow2,1.7546502530048462,1.5479180403342443,2.0016412163673563,COVID Wave 2
2020-07-04,EpiNow2,1.7214044872080525,1.5139655462141512,1.937994418066187,COVID Wave 2
2020-07-05,EpiNow2,1.677865756951346,1.4745688116681952,1.8775085518401464,COVID Wave 2
2020-07-06,EpiNow2,1.6272232950835068,1.423429576905349,1.8152074928798632,COVID Wave 2
2020-07-07,EpiNow2,1.5772747206333977,1.3768735683620847,1.762782463416797,COVID Wave 2
2020-07-08,EpiNow2,1.5307108687128892,1.3369281657139502,1.7140404705134362,COVID Wave 2
2020-07-09,EpiNow2,1.4891112494780128,1.3050170117010294,1.6662750099682069,COVID Wave 2
2020-07-10,EpiNow2,1.45460229348773,1.2738469139522033,1.622748325605723,COVID Wave 2
2020-07-11,EpiNow2,1.425014315018871,1.2606219081754253,1.5896828408724648,COVID Wave 2
2020-07-12,EpiNow2,1.4001738917514597,1.2435249594561326,1.5589295368166003,COVID Wave 2
2020-07-13,EpiNow2,1.3773578281358452,1.2265796504629511,1.5343109282357708,COVID Wave 2
2020-07-14,EpiNow2,1.3511787064239087,1.2036574442400785,1.518615613833745,COVID Wave 2
2020-07-15,EpiNow2,1.3236219453225186,1.1784386859835363,1.5028617989993447,COVID Wave 2
2020-07-16,EpiNow2,1.2880859691351385,1.1492782208763417,1.4669942254138784,COVID Wave 2
2020-07-17,EpiNow2,1.2465686590849807,1.1079604846931672,1.4233487351653318,COVID Wave 2
2020-07-18,EpiNow2,1.2015654673692595,1.065029510754501,1.3723218268458108,COVID Wave 2
2020-07-19,EpiNow2,1.1514224982633552,1.0184741017397565,1.305105029086513,COVID Wave 2
2020-07-20,EpiNow2,1.0969600568304032,0.9667601133337158,1.2422250377613224,COVID Wave 2
2020-07-21,EpiNow2,1.043305691552574,0.9141273170052484,1.1765806859540928,COVID Wave 2
2020-07-22,EpiNow2,0.9898375368477824,0.8666068001718339,1.1149399189262656,COVID Wave 2
2020-07-23,EpiNow2,0.9402593823910508,0.8207640941693672,1.0609487025061612,COVID Wave 2
2020-07-24,EpiNow2,0.895327032031344,0.779250813720754,1.0127174391168297,COVID Wave 2
2020-07-25,EpiNow2,0.8591831803745649,0.7429661734608513,0.970118408201683,COVID Wave 2
2020-07-26,EpiNow2,0.8305194548500683,0.7136939581911174,0.9395069304694856,COVID Wave 2
2020-07-27,EpiNow2,0.8074795326158288,0.6928088866952862,0.9156168507512346,COVID Wave 2
2020-07-28,EpiNow2,0.7895603718336688,0.6772778905491375,0.8966372688765293,COVID Wave 2
2020-07-29,EpiNow2,0.776230392010383,0.6686155145760717,0.882036864313733,COVID Wave 2
2020-07-30,EpiNow2,0.7665405925436969,0.6616240801780452,0.8730250712121678,COVID Wave 2
2020-07-31,EpiNow2,0.7590041033892609,0.6567872796794659,0.8679171059600926,COVID Wave 2
2020-08-01,EpiNow2,0.7521798022688131,0.6531970145360445,0.8678392808269276,COVID Wave 2
2020-08-02,EpiNow2,0.746114499108987,0.6508521329565394,0.8669899078702453,COVID Wave 2
2020-08-03,EpiNow2,0.7395275112911845,0.647238581214937,0.8629463259479271,COVID Wave 2
2020-08-04,EpiNow2,0.735559550595817,0.6400812805087378,0.8566329197976376,COVID Wave 2
2020-08-05,EpiNow2,0.7286860172138563,0.6295743449969643,0.8495281687834582,COVID Wave 2
2020-08-06,EpiNow2,0.7195426054529217,0.6196174216420798,0.8351367937139725,COVID Wave 2
2020-08-07,EpiNow2,0.7095448009353371,0.6057230596003029,0.8281071395551575,COVID Wave 2
2020-08-08,EpiNow2,0.6996095079203222,0.5974105718072398,0.8180171639643593,COVID Wave 2
2020-08-09,EpiNow2,0.6918577654401858,0.5901382023315556,0.8067336456112928,COVID Wave 2
2020-08-10,EpiNow2,0.6839234642186787,0.5794169233316874,0.7972742335416537,COVID Wave 2
2020-08-11,EpiNow2,0.6791153842149362,0.5749832315101319,0.7889377858634636,COVID Wave 2
2020-08-12,EpiNow2,0.67645242720015,0.5738961869940163,0.7908840599765621,COVID Wave 2
2020-08-13,EpiNow2,0.6772409363870016,0.5722630296405471,0.7866614615498096,COVID Wave 2
2020-08-14,EpiNow2,0.6801307946335655,0.5741051833024338,0.78833100719975,COVID Wave 2
2020-08-15,EpiNow2,0.6859032513465904,0.5769277121369702,0.7935269564104863,COVID Wave 2
2020-08-16,EpiNow2,0.6934737947679466,0.5828744896116471,0.8054672571100373,COVID Wave 2
2020-08-17,EpiNow2,0.7043185342276568,0.5935133178845567,0.8158478939238059,COVID Wave 2
2020-08-18,EpiNow2,0.7165874451613885,0.6011802842842031,0.8319842809299983,COVID Wave 2
2020-08-19,EpiNow2,0.7283704869138061,0.6088738303241366,0.8480782570303342,COVID Wave 2
2020-08-20,EpiNow2,0.7423195363117195,0.6211706459269174,0.8719920673678082,COVID Wave 2
2020-08-21,EpiNow2,0.7590393098173276,0.6370776292270713,0.8918799507216664,COVID Wave 2
2020-08-22,EpiNow2,0.7746477230461086,0.6548981247069895,0.9077080949671944,COVID Wave 2
2020-08-23,EpiNow2,0.7941113487732163,0.6735359045248457,0.9282151042663298,COVID Wave 2
2020-08-24,EpiNow2,0.8122402176362802,0.690724961949416,0.9546105529753848,COVID Wave 2
2020-08-25,EpiNow2,0.8320973998692102,0.7116880698752394,0.9806927858258104,COVID Wave 2
2020-08-26,EpiNow2,0.8530267510665063,0.7263616000200688,1.0050604889944503,COVID Wave 2
2020-08-27,EpiNow2,0.8748497441696556,0.745988574317795,1.0237867938284484,COVID Wave 2
2020-08-28,EpiNow2,0.8952652971580739,0.7581471752423791,1.0492201415226845,COVID Wave 2
2020-08-29,EpiNow2,0.9131843613755783,0.7704939318263153,1.0708271184084286,COVID Wave 2
2020-08-30,EpiNow2,0.926217586515134,0.7846656523081897,1.08634571766384,COVID Wave 2
2020-08-31,EpiNow2,0.9357377235957908,0.7939396336895802,1.101760253640851,COVID Wave 2
2020-09-01,EpiNow2,0.9398305120581756,0.8010809389681743,1.1099810769859726,COVID Wave 2
2020-09-02,EpiNow2,0.9404216978190424,0.8013253154771873,1.115573856705474,COVID Wave 2
2020-09-03,EpiNow2,0.9361278302571152,0.796633834720114,1.110498370275799,COVID Wave 2
2020-09-04,EpiNow2,0.9277547048959248,0.791422656297714,1.100340859416199,COVID Wave 2
2020-09-05,EpiNow2,0.9140896288141698,0.7811365506672429,1.0871432636729608,COVID Wave 2
2020-09-06,EpiNow2,0.8998869898060534,0.7670812913838804,1.068938311357099,COVID Wave 2
2020-09-07,EpiNow2,0.8828815535118317,0.7506241838109443,1.048891404280135,COVID Wave 2
2020-09-08,EpiNow2,0.8652983435299257,0.7286226385280365,1.021579723303402,COVID Wave 2
2020-09-09,EpiNow2,0.8496899933055644,0.7085359593323102,1.0011845033039544,COVID Wave 2
2020-09-10,EpiNow2,0.8373409167353905,0.6960152113788041,0.984917698677196,COVID Wave 2
2020-09-11,EpiNow2,0.8276740393357869,0.6813502706378778,0.9829695654298086,COVID Wave 2
2020-09-12,EpiNow2,0.8231089778119955,0.6695742035269111,0.978460677310893,COVID Wave 2
2020-09-13,EpiNow2,0.8235905928569667,0.6688733703592389,0.9807347300676726,COVID Wave 2
2020-09-14,EpiNow2,0.8300226060746583,0.6744975041432186,0.9909346496306612,COVID Wave 2
2020-09-15,EpiNow2,0.8441140051040532,0.6893927304902796,1.0055190144405806,COVID Wave 2
2020-09-16,EpiNow2,0.8651646507125705,0.708174391178758,1.0258119453575838,COVID Wave 2
2020-09-17,EpiNow2,0.8903442014392651,0.7330599953791778,1.0509949017807718,COVID Wave 2
2020-09-18,EpiNow2,0.9241913865785064,0.7653047430315161,1.083934271893738,COVID Wave 2
2020-09-19,EpiNow2,0.959718626240662,0.8055770174805412,1.1222086742003652,COVID Wave 2
2020-09-20,EpiNow2,1.0009782701367205,0.846661770962445,1.1661856979920606,COVID Wave 2
2020-09-21,EpiNow2,1.0433881368976026,0.8886929100968332,1.2192996696776832,COVID Wave 2
2020-09-22,EpiNow2,1.0873488558965696,0.9293958465435496,1.2684291335301807,COVID Wave 2
2020-09-23,EpiNow2,1.1241410985006934,0.9690867431621148,1.3225038254161054,COVID Wave 2
2020-09-24,EpiNow2,1.1579898551937766,0.9927117487323054,1.363707487370473,COVID Wave 2
2020-09-25,EpiNow2,1.1841506364030958,1.0098456250120909,1.4011034631083,COVID Wave 2
2020-09-26,EpiNow2,1.1972426158385987,1.0229788847637262,1.4252068003418512,COVID Wave 2
2020-09-27,EpiNow2,1.199013932601321,1.024781008197796,1.4261328759828429,COVID Wave 2
2020-09-28,EpiNow2,1.1911086579581611,1.0182074428334282,1.4149858752009536,COVID Wave 2
2020-09-29,EpiNow2,1.1711931374443698,1.0021387642447388,1.3910984436577951,COVID Wave 2
2020-09-30,EpiNow2,1.1451990479552157,0.9747488037007728,1.348868727437825,COVID Wave 2
2020-10-01,EpiNow2,1.1099707600788469,0.9458424548280868,1.303356240076972,COVID Wave 2
2020-10-02,EpiNow2,1.0742714670555595,0.908315810170154,1.2567954912712394,COVID Wave 2
2020-10-03,EpiNow2,1.036296901504802,0.8726482628864782,1.210645048185027,COVID Wave 2
2020-10-04,EpiNow2,1.0002967382628614,0.842733883401671,1.1652207656524964,COVID Wave 2
2020-10-05,EpiNow2,0.9672758946332464,0.8114528917355656,1.1295785060972006,COVID Wave 2
2020-10-06,EpiNow2,0.935608354202309,0.7796665356600955,1.0946047511652215,COVID Wave 2
2020-10-07,EpiNow2,0.9075906843963664,0.756428414966287,1.0652696815688936,COVID Wave 2
2020-10-08,EpiNow2,0.8843069815828237,0.7384227125138243,1.0421295952456329,COVID Wave 2
2020-10-09,EpiNow2,0.8658832848007528,0.7238340027931747,1.020565830224662,COVID Wave 2
2020-10-10,EpiNow2,0.8501433474300704,0.7096526686127569,1.0063989321431115,COVID Wave 2
2020-10-27,EpiNow2,1.1135843512742172,0.941433725089873,1.3423839705513,COVID Wave 3
2020-10-28,EpiNow2,1.1418577948857536,0.9680078245793492,1.3796805885774917,COVID Wave 3
2020-10-29,EpiNow2,1.1650086323527935,0.9958245520433872,1.4025637194315932,COVID Wave 3
2020-10-30,EpiNow2,1.1843805044361475,1.0143658171199612,1.4132135127153256,COVID Wave 3
2020-10-31,EpiNow2,1.1970073711171485,1.0211899882136837,1.4106479621450716,COVID Wave 3
2020-11-01,EpiNow2,1.2038259981963808,1.0280564127433858,1.4134481584716825,COVID Wave 3
2020-11-02,EpiNow2,1.2127643159497097,1.0302763044812333,1.420935685826075,COVID Wave 3
2020-11-03,EpiNow2,1.226980196620823,1.0304027467501151,1.4372746289405287,COVID Wave 3
2020-11-04,EpiNow2,1.2489895625596934,1.034126003345344,1.4644773409211138,COVID Wave 3
2020-11-05,EpiNow2,1.282050833026942,1.049674834341436,1.5068236363804262,COVID Wave 3
2020-11-06,EpiNow2,1.3248823726951495,1.0789016881997449,1.563525044931149,COVID Wave 3
2020-11-07,EpiNow2,1.384370243985507,1.13750326149346,1.6210408646828742,COVID Wave 3
2020-11-08,EpiNow2,1.4565317262037312,1.211814232180949,1.6898919084394162,COVID Wave 3
2020-11-09,EpiNow2,1.5443764402934417,1.3088759313755052,1.765524409107851,COVID Wave 3
2020-11-10,EpiNow2,1.6350524512341202,1.416100957157824,1.850469010180586,COVID Wave 3
2020-11-11,EpiNow2,1.731485772411269,1.5410395571667364,1.9505122719701105,COVID Wave 3
2020-11-12,EpiNow2,1.818663540222832,1.6278177845917363,2.0618111641061567,COVID Wave 3
2020-11-13,EpiNow2,1.8923036753355769,1.6898531493205773,2.16917711445382,COVID Wave 3
2020-11-14,EpiNow2,1.9391711019146012,1.7065084590067476,2.2493316168968978,COVID Wave 3
2020-11-15,EpiNow2,1.9477093826804683,1.6985998163616152,2.2744757740758907,COVID Wave 3
2020-11-16,EpiNow2,1.916818962745626,1.6594971355144807,2.243667424302655,COVID Wave 3
2020-11-17,EpiNow2,1.8458952197319176,1.6099278157666084,2.157899592539904,COVID Wave 3
2020-11-18,EpiNow2,1.7487392484770057,1.5292765185513533,2.0222163350847664,COVID Wave 3
2020-11-19,EpiNow2,1.6335585679801958,1.441708305583851,1.8609410371713289,COVID Wave 3
2020-11-20,EpiNow2,1.5073346038499271,1.3371698234756264,1.693012847246245,COVID Wave 3
2020-11-21,EpiNow2,1.3860812810938414,1.2183248562715834,1.539358097124313,COVID Wave 3
2020-11-22,EpiNow2,1.271356619830612,1.1121516689855575,1.4120721037246506,COVID Wave 3
2020-11-23,EpiNow2,1.1733661187691329,1.0141582523686183,1.3175116860166922,COVID Wave 3
2020-11-24,EpiNow2,1.0889964082921453,0.9334621344371372,1.2344025857200378,COVID Wave 3
2020-11-25,EpiNow2,1.022481019526801,0.8735024853098032,1.166670866274545,COVID Wave 3
2020-11-26,EpiNow2,0.9745358469953128,0.8332884020053288,1.1145664685385648,COVID Wave 3
2020-11-27,EpiNow2,0.94228864830359,0.8070420728002143,1.0795278164112845,COVID Wave 3
2020-11-28,EpiNow2,0.9247457343783692,0.7950207246225436,1.0487608352208495,COVID Wave 3
2020-11-29,EpiNow2,0.9166740510416962,0.7943314516314461,1.0337403456382943,COVID Wave 3
2020-11-30,EpiNow2,0.9170428015500448,0.7977067565719951,1.0316518570871729,COVID Wave 3
2020-12-01,EpiNow2,0.921922113531478,0.8019648484089191,1.0409187364422403,COVID Wave 3
2020-12-02,EpiNow2,0.927524962133178,0.8130925362891975,1.0595450624230278,COVID Wave 3
2020-12-03,EpiNow2,0.936612926882462,0.8226724191525829,1.0788759857058308,COVID Wave 3
2020-12-04,EpiNow2,0.9454278294048504,0.8309397312499973,1.0834475724371655,COVID Wave 3
2020-12-05,EpiNow2,0.9509960721643368,0.8334742826366472,1.0898500552383914,COVID Wave 3
2020-12-06,EpiNow2,0.9540645320551258,0.8343312132411148,1.0904709613913084,COVID Wave 3
2020-12-07,EpiNow2,0.953867690006438,0.8362700121606196,1.090998271403966,COVID Wave 3
2020-12-08,EpiNow2,0.9475910840015012,0.8304488750002282,1.0823404932984522,COVID Wave 3
2020-12-09,EpiNow2,0.9404796376919272,0.8256359803151637,1.0779891679323077,COVID Wave 3
2020-12-10,EpiNow2,0.9311676107893452,0.8170502699069109,1.0679157561283597,COVID Wave 3
2020-12-11,EpiNow2,0.9209451786322668,0.8078654688928931,1.05338297736438,COVID Wave 3
2020-12-12,EpiNow2,0.9098324927419555,0.7973576887356187,1.03727240217143,COVID Wave 3
2020-12-13,EpiNow2,0.8942661005191559,0.786090452920116,1.0234065292614616,COVID Wave 3
2020-12-14,EpiNow2,0.8831978012077287,0.7730436481152587,1.0073405538667817,COVID Wave 3
2020-12-15,EpiNow2,0.8700994017083475,0.7614444986963559,0.9942359827530336,COVID Wave 3
2020-12-16,EpiNow2,0.8580198657066102,0.747378398478203,0.979257930640308,COVID Wave 3
2020-12-17,EpiNow2,0.8459421908963844,0.7352485611751522,0.9666612202580204,COVID Wave 3
2020-12-18,EpiNow2,0.8329973731982033,0.7220032984734015,0.9563702041207424,COVID Wave 3
2020-12-19,EpiNow2,0.8209490446432133,0.7114853038863115,0.9461807903468072,COVID Wave 3
2020-12-20,EpiNow2,0.8100882034564436,0.7034627482472551,0.9384261871927432,COVID Wave 3
2020-12-21,EpiNow2,0.8028774055125344,0.6967098272714873,0.9253140520039836,COVID Wave 3
2020-12-22,EpiNow2,0.7990749715059811,0.6941475006912886,0.9192324250012176,COVID Wave 3
2020-12-23,EpiNow2,0.7980425063854922,0.6910505947842839,0.9188645907203442,COVID Wave 3
2020-12-24,EpiNow2,0.8006988260476706,0.6948396897877291,0.9221979451588695,COVID Wave 3
2020-12-25,EpiNow2,0.8089166897887277,0.7003021484157609,0.93189834743927,COVID Wave 3
2020-12-26,EpiNow2,0.8227826374028915,0.7133456991921321,0.9435313633732668,COVID Wave 3
2020-12-27,EpiNow2,0.8401238967076552,0.7251265696440636,0.9594828242144082,COVID Wave 3
2020-12-28,EpiNow2,0.8635510174663977,0.7466761754324465,0.9831407438689508,COVID Wave 3
2020-12-29,EpiNow2,0.892845274160724,0.7698066475618054,1.0169543269424364,COVID Wave 3
2020-12-30,EpiNow2,0.9264807821692678,0.7989807446671392,1.0531864484948672,COVID Wave 3
2020-12-31,EpiNow2,0.9639463639211558,0.8316616468078659,1.095682934580283,COVID Wave 3
2021-01-01,EpiNow2,1.0061096239561618,0.8717053267576531,1.1402020176032086,COVID Wave 3
2021-01-02,EpiNow2,1.0486719665060011,0.9134874845778524,1.1887703669674554,COVID Wave 3
2021-01-03,EpiNow2,1.094636564441417,0.958399967112742,1.2374998718071992,COVID Wave 3
2021-01-04,EpiNow2,1.140542118023138,1.0011425209518294,1.285195092703922,COVID Wave 3
2021-01-05,EpiNow2,1.1837407278696264,1.0409120526442173,1.3334962730762867,COVID Wave 3
2021-01-06,EpiNow2,1.2228412682234953,1.082672519011175,1.3691906590697946,COVID Wave 3
2021-01-07,EpiNow2,1.2508253690812396,1.1133012806653964,1.4065246625585517,COVID Wave 3
2021-01-08,EpiNow2,1.2710485368181734,1.1256322912844596,1.434917894419323,COVID Wave 3
2021-01-09,EpiNow2,1.2795165279314704,1.1307053600568406,1.4484779595600616,COVID Wave 3
2021-01-10,EpiNow2,1.270741960735942,1.122567040805435,1.43850303373985,COVID Wave 3
2021-01-11,EpiNow2,1.243678253089192,1.102618295757642,1.4125752316950166,COVID Wave 3
2021-01-12,EpiNow2,1.207077950251617,1.0667811252911257,1.3748782347924,COVID Wave 3
2021-01-13,EpiNow2,1.1560039886177038,1.0230583041954184,1.3227923942565682,COVID Wave 3
2021-01-14,EpiNow2,1.098027738809208,0.9726383918521858,1.2559107147317508,COVID Wave 3
2021-01-15,EpiNow2,1.0343733527073715,0.912056601608415,1.177597258492424,COVID Wave 3
2021-01-16,EpiNow2,0.9690676049698996,0.8526010769704087,1.1009560501361808,COVID Wave 3
2021-01-17,EpiNow2,0.9078276093306512,0.788222614458282,1.0340872493941111,COVID Wave 3
2021-01-18,EpiNow2,0.851073939086466,0.7319377801973022,0.9727991760209872,COVID Wave 3
2021-01-19,EpiNow2,0.7984437056175984,0.6811344558468552,0.9179405704519024,COVID Wave 3
2021-01-20,EpiNow2,0.7568026795120313,0.6415985283701156,0.8711197909093197,COVID Wave 3
2021-01-21,EpiNow2,0.7236537803537895,0.610034656128842,0.8365305486763154,COVID Wave 3
2021-01-22,EpiNow2,0.700963355624467,0.5863721119969858,0.8076707338588724,COVID Wave 3
2021-01-23,EpiNow2,0.6833479425927311,0.5757934719919975,0.7865538961176072,COVID Wave 3
2021-01-24,EpiNow2,0.6727622335489283,0.5714044698829622,0.7769908171237578,COVID Wave 3
2021-01-25,EpiNow2,0.6685920996752764,0.5711392936323323,0.7752402556202064,COVID Wave 3
2021-01-26,EpiNow2,0.668579838410122,0.5776012115357158,0.780922433765705,COVID Wave 3
2021-01-27,EpiNow2,0.6758572418993618,0.5838056016090505,0.7913681941228393,COVID Wave 3
2021-01-28,EpiNow2,0.6855052908070163,0.5891779882246666,0.806822396223736,COVID Wave 3
2021-01-29,EpiNow2,0.6954794384055877,0.5966073558664204,0.8227016329321408,COVID Wave 3
2021-01-30,EpiNow2,0.7060251433298232,0.6030945371581573,0.8373326511498244,COVID Wave 3
2021-01-31,EpiNow2,0.7183766545276005,0.6125961312219045,0.8491400379591555,COVID Wave 3
2021-02-01,EpiNow2,0.7316134068476421,0.6169140037475401,0.8619428683712743,COVID Wave 3
2021-02-02,EpiNow2,0.7445011438164669,0.6269488021908444,0.8756525849989251,COVID Wave 3
2021-02-03,EpiNow2,0.7599517087152603,0.6400502354663112,0.8846784865211238,COVID Wave 3
2021-02-04,EpiNow2,0.7808242290819625,0.656575795764851,0.9098765973432252,COVID Wave 3
2021-02-05,EpiNow2,0.8022255592646481,0.6738698012364936,0.9315374297440682,COVID Wave 3
2021-02-06,EpiNow2,0.8273654013428215,0.6957225934728989,0.9582528741286196,COVID Wave 3
2021-02-07,EpiNow2,0.8577296111874582,0.7255594902055191,0.9862984451900726,COVID Wave 3
2021-02-08,EpiNow2,0.8900638776394201,0.7604240858976957,1.0252356124598665,COVID Wave 3
2021-02-09,EpiNow2,0.9248213809090468,0.7998852700471739,1.067165213474514,COVID Wave 3
2021-02-10,EpiNow2,0.9630202571956484,0.8381040072265546,1.110372680522278,COVID Wave 3
2021-02-11,EpiNow2,0.99831144482306,0.8688521017133475,1.1556369491561314,COVID Wave 3
2021-02-12,EpiNow2,1.0286882309294505,0.8925161617796806,1.203203815682887,COVID Wave 3
2021-02-13,EpiNow2,1.0519220149836772,0.9058836934652704,1.2423601000405695,COVID Wave 3
2021-02-14,EpiNow2,1.064944585293396,0.9160030005920948,1.2595445214998753,COVID Wave 3
2021-02-15,EpiNow2,1.070998607640253,0.9164382460765657,1.2656881193803369,COVID Wave 3
2021-02-16,EpiNow2,1.068734361874069,0.9162953654997944,1.2514754313819416,COVID Wave 3
2021-02-17,EpiNow2,1.055149446615351,0.9029314722464692,1.2220659922640966,COVID Wave 3
2021-02-18,EpiNow2,1.0369804526618178,0.8810310137477944,1.2021729133666228,COVID Wave 3
2021-02-19,EpiNow2,1.0208446901206647,0.8558701257387226,1.1825547951482227,COVID Wave 3
2021-02-20,EpiNow2,1.0041509221679172,0.8281462136912655,1.1668438825148422,COVID Wave 3
2021-02-21,EpiNow2,0.9990457545491126,0.8162666053036689,1.1636795586889097,COVID Wave 3
2021-02-22,EpiNow2,1.0003590064039434,0.8095676613437056,1.1707238377207585,COVID Wave 3
2021-02-23,EpiNow2,1.0123677966775304,0.8175834222445881,1.1807168581477183,COVID Wave 3
2021-02-24,EpiNow2,1.0348018106729877,0.8380643188585064,1.193753414929991,COVID Wave 3
2021-02-25,EpiNow2,1.0633635970454811,0.8786474630192203,1.2171682429044095,COVID Wave 3
2021-02-26,EpiNow2,1.0998402930574678,0.9298801027335162,1.250891413826985,COVID Wave 3
2021-02-27,EpiNow2,1.134312428794802,0.9936918236702956,1.2901086025173016,COVID Wave 3
2021-02-28,EpiNow2,1.1683585367960012,1.0284088950086827,1.3426393507193668,COVID Wave 3
2021-03-01,EpiNow2,1.1955265425356227,1.045764897365352,1.4014509259002492,COVID Wave 3
2021-03-02,EpiNow2,1.2100676541279802,1.045016925270229,1.4408843294132794,COVID Wave 3
2021-03-03,EpiNow2,1.205063988009591,1.022710422048983,1.4668394340808415,COVID Wave 3
2021-03-04,EpiNow2,1.178251743135052,0.9860515865772826,1.4469453723187506,COVID Wave 3
2021-03-05,EpiNow2,1.1279035151542172,0.9498684633552624,1.384117080550321,COVID Wave 3
2021-03-06,EpiNow2,1.062625706494836,0.9007987343051403,1.294487672099147,COVID Wave 3
2021-03-07,EpiNow2,0.99050077684825,0.8460799292812584,1.1908245742512067,COVID Wave 3
2021-03-08,EpiNow2,0.9142709445943168,0.7833342685161194,1.0847905894630052,COVID Wave 3
2021-03-09,EpiNow2,0.8424475625192468,0.7176388896949863,0.9838770897462517,COVID Wave 3
2021-03-10,EpiNow2,0.7791883517201886,0.6530397434358529,0.9061422227627712,COVID Wave 3
2021-03-11,EpiNow2,0.7247854218369733,0.5945296654215625,0.8479983577075698,COVID Wave 3
2021-03-12,EpiNow2,0.6826174997452694,0.5439591283528611,0.8055508192949837,COVID Wave 3
2021-03-13,EpiNow2,0.6520089345477211,0.5139489772179403,0.7795618517874908,COVID Wave 3
2021-03-14,EpiNow2,0.6337743010649257,0.4988928257371767,0.7633443651014032,COVID Wave 3
2021-03-15,EpiNow2,0.6285767719985267,0.4885193410070221,0.7603019756411218,COVID Wave 3
2021-03-16,EpiNow2,0.6346721805102213,0.4968560957236268,0.7691988572524786,COVID Wave 3
2021-03-17,EpiNow2,0.6512557390344751,0.516342214949433,0.7839790108718965,COVID Wave 3
2021-03-18,EpiNow2,0.6760719967221509,0.5453704966935761,0.8090409974569337,COVID Wave 3
2021-03-19,EpiNow2,0.7097658965912266,0.5820086923864413,0.8543668407189746,COVID Wave 3
2021-03-20,EpiNow2,0.7486251597830054,0.6207968616655104,0.8969495136967756,COVID Wave 3
2021-03-21,EpiNow2,0.7900621257369336,0.6650939567676287,0.9515050795577228,COVID Wave 3
2021-03-22,EpiNow2,0.8374478139393844,0.7024236657241845,1.018506489467232,COVID Wave 3
2021-03-23,EpiNow2,0.8847881016430256,0.7325362352865582,1.084222811254115,COVID Wave 3
2021-03-24,EpiNow2,0.9328900990928466,0.7495764197159333,1.1601449598481406,COVID Wave 3
2021-03-25,EpiNow2,0.980258722933618,0.7626940990648146,1.2305020533916988,COVID Wave 3
2021-03-26,EpiNow2,1.018840752906541,0.7697896466016424,1.306090222564817,COVID Wave 3
2021-03-27,EpiNow2,1.0553599070089452,0.7730614878327517,1.3863779689889597,COVID Wave 3
2021-03-28,EpiNow2,1.0867745910277804,0.7616927567106148,1.4745900520871045,COVID Wave 3
2021-03-29,EpiNow2,1.1121369605013722,0.7400778851272224,1.5925136727187104,COVID Wave 3
2021-03-30,EpiNow2,1.1331669967803193,0.7131021591003128,1.706145846167622,COVID Wave 3
2021-03-31,EpiNow2,1.1489998818990206,0.6889895634011425,1.8428205575303953,COVID Wave 3
2021-04-01,EpiNow2,1.159601799650141,0.6608288866664342,1.978210780001158,COVID Wave 3
2021-04-02,EpiNow2,1.1676530317508556,0.6311900993029147,2.0864830596842276,COVID Wave 3
2003-02-15,EpiNow2,2.0488796696927336,1.7319495634252515,2.394141177557136,SARS Wave
2003-02-16,EpiNow2,2.243855275282969,1.876953338447269,2.6358149373344295,SARS Wave
2003-02-17,EpiNow2,2.4683899395341253,1.9892065361203608,2.982827676183514,SARS Wave
2003-02-18,EpiNow2,2.725382184607671,2.111895769930215,3.4006658936200584,SARS Wave
2003-02-19,EpiNow2,3.0063945025079417,2.261613154236187,3.8796732014922735,SARS Wave
2003-02-20,EpiNow2,3.3231018195280493,2.4275142259747855,4.425431261092874,SARS Wave
2003-02-21,EpiNow2,3.663673303119765,2.6311721098761778,5.037828356777516,SARS Wave
2003-02-22,EpiNow2,4.0204736058246935,2.858956324881598,5.6326354747278335,SARS Wave
2003-02-23,EpiNow2,4.393737530913062,3.1740832003790307,6.225702164013636,SARS Wave
2003-02-24,EpiNow2,4.757386824680903,3.45989320564143,6.818481711627053,SARS Wave
2003-02-25,EpiNow2,5.091064478922073,3.7150060744271345,7.405346815299698,SARS Wave
2003-02-26,EpiNow2,5.380549901022178,3.924774395582736,7.991279039413162,SARS Wave
2003-02-27,EpiNow2,5.615341947422512,4.086024859909883,8.383851344482041,SARS Wave
2003-02-28,EpiNow2,5.771012683887616,4.1815260476585046,8.527600469151793,SARS Wave
2003-03-01,EpiNow2,5.806387042631258,4.245658948751012,8.526147771774687,SARS Wave
2003-03-02,EpiNow2,5.7357546760410845,4.272008835818022,8.249484453052494,SARS Wave
2003-03-03,EpiNow2,5.583256201449657,4.244089649795255,7.73459650116167,SARS Wave
2003-03-04,EpiNow2,5.327147332888346,4.141388258485005,7.186515520669807,SARS Wave
2003-03-05,EpiNow2,5.010448722662207,3.9523823514598297,6.571231251270414,SARS Wave
2003-03-06,EpiNow2,4.668139666623984,3.707514379520199,5.965740454966126,SARS Wave
2003-03-07,EpiNow2,4.307690111315752,3.3852738292261324,5.40291351978799,SARS Wave
2003-03-08,EpiNow2,3.9594361037290575,3.0237004110953993,4.904122468288727,SARS Wave
2003-03-09,EpiNow2,3.618076959022938,2.653718090133006,4.485031121328016,SARS Wave
2003-03-10,EpiNow2,3.3004217532938904,2.3599424442270447,4.096940502386057,SARS Wave
2003-03-11,EpiNow2,3.0138637708775757,2.125414686319252,3.731637846279472,SARS Wave
2003-03-12,EpiNow2,2.754545381693769,1.9917057662390063,3.384879490916473,SARS Wave
2003-03-13,EpiNow2,2.512465146974664,1.8915591274193584,3.0770649124839156,SARS Wave
2003-03-14,EpiNow2,2.2994277295056653,1.783949642690045,2.811286981068647,SARS Wave
2003-03-15,EpiNow2,2.1116052337541724,1.6897275843657045,2.5713888814479415,SARS Wave
2003-03-16,EpiNow2,1.943456361275845,1.5739917124267846,2.383387769883321,SARS Wave
2003-03-17,EpiNow2,1.7947747094135305,1.4409086606954535,2.229835548699449,SARS Wave
2003-03-18,EpiNow2,1.648693626142378,1.3202670332777842,2.0879085030796816,SARS Wave
2003-03-19,EpiNow2,1.5074612215437644,1.2140109274546291,1.950598500558265,SARS Wave
2003-03-20,EpiNow2,1.383651914653815,1.105982480035085,1.8151203024100309,SARS Wave
2003-03-21,EpiNow2,1.2682424183311936,1.0107626457083163,1.6700041520386952,SARS Wave
2003-03-22,EpiNow2,1.1581163654930686,0.9293471168543206,1.52095749106111,SARS Wave
2003-03-23,EpiNow2,1.0608655540785363,0.8534099537010539,1.3795120591502863,SARS Wave
2003-03-24,EpiNow2,0.9752342135503164,0.7833263558081226,1.2414761464849415,SARS Wave
2003-03-25,EpiNow2,0.8982051962809747,0.7177341193192717,1.1304967547997695,SARS Wave
2003-03-26,EpiNow2,0.8313622526578415,0.6606123712544966,1.0356309938459622,SARS Wave
2003-03-27,EpiNow2,0.7723521728520581,0.6065071937940479,0.9566841144745204,SARS Wave
2003-03-28,EpiNow2,0.7216378863889483,0.5593777230457934,0.8919954593858499,SARS Wave
2003-03-29,EpiNow2,0.6833540226126658,0.5192698433056744,0.842504475772764,SARS Wave
2003-03-30,EpiNow2,0.6487925654792628,0.4934889245818466,0.8032601342935817,SARS Wave
2003-03-31,EpiNow2,0.620136170950901,0.4695529486621774,0.7715971866313276,SARS Wave
2003-04-01,EpiNow2,0.5967045332008883,0.45461380458786765,0.7430977046348677,SARS Wave
2003-04-02,EpiNow2,0.5770605801499964,0.4450370114948574,0.7208181991818798,SARS Wave
2003-04-03,EpiNow2,0.5625466837039388,0.4393760932600147,0.7048528000787446,SARS Wave
2003-04-04,EpiNow2,0.5510895072590936,0.43487689494561055,0.6962481949439342,SARS Wave
2003-04-05,EpiNow2,0.5409671398229436,0.43263926525231,0.6827684508524808,SARS Wave
2003-04-06,EpiNow2,0.5339359728739985,0.4271436859052925,0.6722889261264631,SARS Wave
2003-04-07,EpiNow2,0.5292139172117251,0.4231934619958192,0.6698674691467561,SARS Wave
2003-04-08,EpiNow2,0.5258502271489385,0.4202039613100438,0.6665675165049277,SARS Wave
2003-04-09,EpiNow2,0.5224646285906611,0.4144918020201529,0.6689985019915184,SARS Wave
2003-04-10,EpiNow2,0.5203360657864977,0.4112466592542879,0.6691221355343612,SARS Wave
2003-04-11,EpiNow2,0.517332957873639,0.4068943294910794,0.6717537412262341,SARS Wave
2003-04-12,EpiNow2,0.5153042112202271,0.40452506153253953,0.6704203845431562,SARS Wave
2003-04-13,EpiNow2,0.5128810573919016,0.4009444237951958,0.6704389451184838,SARS Wave
2003-04-14,EpiNow2,0.510293701640137,0.39616722232443535,0.66758416564816,SARS Wave
2003-04-15,EpiNow2,0.5086349953177163,0.390903878233004,0.6655917325819591,SARS Wave
2003-04-16,EpiNow2,0.5042398832980937,0.3899592093782512,0.6625514133116965,SARS Wave
2003-04-17,EpiNow2,0.5003865284478426,0.3890817643311848,0.6511023849208473,SARS Wave
2003-04-18,EpiNow2,0.4968283944760853,0.3799951933103612,0.6441540498112971,SARS Wave
2003-04-19,EpiNow2,0.4941994834782243,0.37446545277395055,0.6339568243888773,SARS Wave
2003-04-20,EpiNow2,0.49030491949020727,0.3714480294214354,0.6261658826962673,SARS Wave
2003-04-21,EpiNow2,0.4878520605337635,0.3673570307892392,0.6280966700922127,SARS Wave
2003-04-22,EpiNow2,0.48554876608542824,0.3639158734786877,0.6243049499263899,SARS Wave
2003-04-23,EpiNow2,0.4840357972775333,0.3604737027565451,0.6197037126453206,SARS Wave
2003-04-24,EpiNow2,0.48449819139700623,0.35915002648911937,0.6223352496333808,SARS Wave
2003-04-25,EpiNow2,0.48327241720468195,0.35887515149426275,0.6282773283757233,SARS Wave
2003-04-26,EpiNow2,0.4843475513653889,0.3561556037883645,0.6361588315643881,SARS Wave
2003-04-27,EpiNow2,0.48624850623384946,0.3605587772780428,0.6432444041260711,SARS Wave
2003-04-28,EpiNow2,0.48765247712057846,0.36426358938842063,0.651990967566806,SARS Wave
2003-04-29,EpiNow2,0.4918592817593257,0.3678024441872877,0.6593533598514146,SARS Wave
2003-04-30,EpiNow2,0.4958607266708665,0.3677619468843677,0.6654952401235037,SARS Wave
2003-05-01,EpiNow2,0.5024101145069597,0.3728463192094958,0.6746869511480154,SARS Wave
2003-05-02,EpiNow2,0.5039462575581521,0.3726230095715023,0.683216736583992,SARS Wave
2003-05-03,EpiNow2,0.5054899830025344,0.3736631131932235,0.6930925610738672,SARS Wave
2003-05-04,EpiNow2,0.5067383615674305,0.3720605675578896,0.6953816258834944,SARS Wave
2003-05-05,EpiNow2,0.5084580077012106,0.3711801291070642,0.6955713453571711,SARS Wave
2003-05-06,EpiNow2,0.5068754977720267,0.3704111631143819,0.7023218148342754,SARS Wave
2003-05-07,EpiNow2,0.5053626344389439,0.3699152665723554,0.7069454527255746,SARS Wave
2003-05-08,EpiNow2,0.5046994207071249,0.3685762879239469,0.7081779258020328,SARS Wave
2003-05-09,EpiNow2,0.5035321753288817,0.367451667048595,0.7055827978019246,SARS Wave
2003-05-10,EpiNow2,0.49996007959902855,0.36021084497410555,0.7013058919088189,SARS Wave
2003-05-11,EpiNow2,0.4978636939290685,0.35388772230474463,0.7042914524601611,SARS Wave
2003-05-12,EpiNow2,0.49522851166678894,0.343375189671761,0.699108153634482,SARS Wave
2003-05-13,EpiNow2,0.49083049376888943,0.33325705829305297,0.6994089226356488,SARS Wave
2003-05-14,EpiNow2,0.4844424019888829,0.32032042481193473,0.70441948987251,SARS Wave
2003-05-15,EpiNow2,0.48251684987525933,0.31077547145261314,0.7102220598700851,SARS Wave
2003-05-16,EpiNow2,0.48023945693259934,0.3033828779162224,0.7239811055882353,SARS Wave
2003-05-17,EpiNow2,0.474601628978333,0.2875179630665534,0.7310658124125106,SARS Wave
2003-05-18,EpiNow2,0.4740522142170287,0.276954139891211,0.751823089119688,SARS Wave
2003-05-19,EpiNow2,0.4692600002655346,0.2578655122357334,0.7811943571555257,SARS Wave
2003-05-20,EpiNow2,0.46717569055189834,0.238213332774122,0.8059647494206836,SARS Wave
2003-05-21,EpiNow2,0.46475659622141374,0.21947574245868276,0.8477381460615966,SARS Wave
2003-05-22,EpiNow2,0.45976237336147696,0.2042494359160606,0.8979222757282654,SARS Wave
2003-05-23,EpiNow2,0.45938232061814,0.1862165266461193,0.975210481304038,SARS Wave
2003-05-24,EpiNow2,0.45810866962068464,0.1721380206493524,1.0439285101079918,SARS Wave
2003-05-25,EpiNow2,0.4591504181631678,0.1574295021968935,1.1228681136919276,SARS Wave
2003-05-26,EpiNow2,0.4562964874630864,0.14632162433042772,1.2212428069775394,SARS Wave
2003-05-27,EpiNow2,0.45174631545508526,0.13348734502258292,1.3360748517189254,SARS Wave
2003-05-28,EpiNow2,0.4551998436924938,0.12267401096852132,1.4904991399689054,SARS Wave
2003-05-29,EpiNow2,0.4552397608418709,0.11153102674794536,1.5964444868998355,SARS Wave
2003-05-30,EpiNow2,0.45439831688332344,0.10086075739478628,1.7376878903972033,SARS Wave
2003-05-31,EpiNow2,0.45861851792347946,0.09095648369329172,1.9130581806892897,SARS Wave
